file,line,type,commit,author,date,time,timezone,datetime,depth,length
style.css,1,css,3832b5c4,Kyle Dang,2026-03-30,11:14:05,-07:00,2026-03-30T11:14:05-07:00,0,4
style.css,2,css,3832b5c4,Kyle Dang,2026-03-30,11:14:05,-07:00,2026-03-30T11:14:05-07:00,2,43
style.css,3,css,3832b5c4,Kyle Dang,2026-03-30,11:14:05,-07:00,2026-03-30T11:14:05-07:00,8,42
style.css,4,css,3832b5c4,Kyle Dang,2026-03-30,11:14:05,-07:00,2026-03-30T11:14:05-07:00,8,0
style.css,5,css,3832b5c4,Kyle Dang,2026-03-30,11:14:05,-07:00,2026-03-30T11:14:05-07:00,2,23
style.css,6,css,4b4695c5,Kyle Dang,2026-04-06,18:56:04,-07:00,2026-04-06T18:56:04-07:00,2,15
style.css,7,css,2c517fff,Kyle Dang,2026-04-06,18:46:45,-07:00,2026-04-06T18:46:45-07:00,2,18
style.css,8,css,11e5679e,Kyle Dang,2026-04-06,20:39:10,-07:00,2026-04-06T20:39:10-07:00,2,11
style.css,9,css,5b45556b,Kyle Dang,2026-03-30,18:19:47,-07:00,2026-03-30T18:19:47-07:00,0,0
style.css,10,css,5b45556b,Kyle Dang,2026-03-30,18:19:47,-07:00,2026-03-30T18:19:47-07:00,0,14
style.css,11,css,5b45556b,Kyle Dang,2026-03-30,18:19:47,-07:00,2026-03-30T18:19:47-07:00,2,21
style.css,12,css,5b45556b,Kyle Dang,2026-03-30,18:19:47,-07:00,2026-03-30T18:19:47-07:00,2,0
style.css,13,css,725a8076,Kyle Dang,2026-04-03,15:32:35,-07:00,2026-04-03T15:32:35-07:00,2,13
style.css,14,css,8f36bca4,Kyle Dang,2026-04-03,15:40:02,-07:00,2026-04-03T15:40:02-07:00,2,11
style.css,15,css,18f21ab0,Kyle Dang,2026-04-03,15:36:12,-07:00,2026-04-03T15:36:12-07:00,2,13
style.css,16,css,725a8076,Kyle Dang,2026-04-03,15:32:35,-07:00,2026-04-03T15:32:35-07:00,2,11
style.css,17,css,725a8076,Kyle Dang,2026-04-03,15:32:35,-07:00,2026-04-03T15:32:35-07:00,0,0
style.css,18,css,1bcfde74,Kyle Dang,2026-04-06,22:11:55,-07:00,2026-04-06T22:11:55-07:00,0,25
style.css,19,css,1bcfde74,Kyle Dang,2026-04-06,22:11:55,-07:00,2026-04-06T22:11:55-07:00,0,25
style.css,20,css,b373680d,Kyle Dang,2026-04-06,20:47:17,-07:00,2026-04-06T20:47:17-07:00,0,3
style.css,21,css,b373680d,Kyle Dang,2026-04-06,20:47:17,-07:00,2026-04-06T20:47:17-07:00,2,12
style.css,22,css,5f7c81f3,Kyle Dang,2026-04-06,20:53:53,-07:00,2026-04-06T20:53:53-07:00,2,17
style.css,23,css,b373680d,Kyle Dang,2026-04-06,20:47:17,-07:00,2026-04-06T20:47:17-07:00,2,23
style.css,24,css,b373680d,Kyle Dang,2026-04-06,20:47:17,-07:00,2026-04-06T20:47:17-07:00,2,25
style.css,25,css,82516158,Kyle Dang,2026-04-15,17:13:12,-07:00,2026-04-15T17:13:12-07:00,2,39
style.css,26,css,82516158,Kyle Dang,2026-04-15,17:13:12,-07:00,2026-04-15T17:13:12-07:00,2,39
style.css,27,css,df920c18,Kyle Dang,2026-04-15,17:47:39,-07:00,2026-04-15T17:47:39-07:00,2,16
style.css,28,css,b373680d,Kyle Dang,2026-04-06,20:47:17,-07:00,2026-04-06T20:47:17-07:00,0,0
style.css,29,css,0708c2f1,Kyle Dang,2026-04-06,22:31:35,-07:00,2026-04-06T22:31:35-07:00,0,12
style.css,30,css,0708c2f1,Kyle Dang,2026-04-06,22:31:35,-07:00,2026-04-06T22:31:35-07:00,2,25
style.css,31,css,0708c2f1,Kyle Dang,2026-04-06,22:31:35,-07:00,2026-04-06T22:31:35-07:00,0,0
style.css,32,css,11e5679e,Kyle Dang,2026-04-06,20:39:10,-07:00,2026-04-06T20:39:10-07:00,0,5
style.css,33,css,11e5679e,Kyle Dang,2026-04-06,20:39:10,-07:00,2026-04-06T20:39:10-07:00,2,6
style.css,34,css,11e5679e,Kyle Dang,2026-04-06,20:39:10,-07:00,2026-04-06T20:39:10-07:00,2,17
style.css,35,css,b373680d,Kyle Dang,2026-04-06,20:47:17,-07:00,2026-04-06T20:47:17-07:00,2,20
style.css,36,css,b373680d,Kyle Dang,2026-04-06,20:47:17,-07:00,2026-04-06T20:47:17-07:00,2,13
style.css,37,css,b373680d,Kyle Dang,2026-04-06,20:47:17,-07:00,2026-04-06T20:47:17-07:00,2,13
style.css,38,css,11e5679e,Kyle Dang,2026-04-06,20:39:10,-07:00,2026-04-06T20:39:10-07:00,0,0
style.css,39,css,11e5679e,Kyle Dang,2026-04-06,20:39:10,-07:00,2026-04-06T20:39:10-07:00,0,13
style.css,40,css,11e5679e,Kyle Dang,2026-04-06,20:39:10,-07:00,2026-04-06T20:39:10-07:00,2,16
style.css,41,css,5f7c81f3,Kyle Dang,2026-04-06,20:53:53,-07:00,2026-04-06T20:53:53-07:00,2,43
style.css,42,css,5f7c81f3,Kyle Dang,2026-04-06,20:53:53,-07:00,2026-04-06T20:53:53-07:00,2,20
style.css,43,css,11e5679e,Kyle Dang,2026-04-06,20:39:10,-07:00,2026-04-06T20:39:10-07:00,0,0
style.css,44,css,d48407a2,Kyle Dang,2026-04-06,21:20:00,-07:00,2026-04-06T21:20:00-07:00,0,5
style.css,45,css,d48407a2,Kyle Dang,2026-04-06,21:20:00,-07:00,2026-04-06T21:20:00-07:00,2,31
style.css,46,css,d48407a2,Kyle Dang,2026-04-06,21:20:00,-07:00,2026-04-06T21:20:00-07:00,2,32
style.css,47,css,d48407a2,Kyle Dang,2026-04-06,21:20:00,-07:00,2026-04-06T21:20:00-07:00,0,0
style.css,48,css,d48407a2,Kyle Dang,2026-04-06,21:20:00,-07:00,2026-04-06T21:20:00-07:00,0,11
style.css,49,css,d48407a2,Kyle Dang,2026-04-06,21:20:00,-07:00,2026-04-06T21:20:00-07:00,2,45
style.css,50,css,d48407a2,Kyle Dang,2026-04-06,21:20:00,-07:00,2026-04-06T21:20:00-07:00,2,20
style.css,51,css,82516158,Kyle Dang,2026-04-15,17:13:12,-07:00,2026-04-15T17:13:12-07:00,2,69
style.css,52,css,9d602772,Kyle Dang,2026-04-06,21:29:18,-07:00,2026-04-06T21:29:18-07:00,0,0
style.css,53,css,ff2746ad,Kyle Dang,2026-04-06,21:36:04,-07:00,2026-04-06T21:36:04-07:00,0,4
style.css,54,css,ff2746ad,Kyle Dang,2026-04-06,21:36:04,-07:00,2026-04-06T21:36:04-07:00,2,12
style.css,55,css,ff2746ad,Kyle Dang,2026-04-06,21:36:04,-07:00,2026-04-06T21:36:04-07:00,2,30
style.css,56,css,6f679c38,Kyle Dang,2026-04-06,21:53:31,-07:00,2026-04-06T21:53:31-07:00,2,7
style.css,57,css,6f679c38,Kyle Dang,2026-04-06,21:53:31,-07:00,2026-04-06T21:53:31-07:00,0,0
style.css,58,css,82516158,Kyle Dang,2026-04-15,17:13:12,-07:00,2026-04-15T17:13:12-07:00,0,31
style.css,59,css,1bcfde74,Kyle Dang,2026-04-06,22:11:55,-07:00,2026-04-06T22:11:55-07:00,2,12
style.css,60,css,1bcfde74,Kyle Dang,2026-04-06,22:11:55,-07:00,2026-04-06T22:11:55-07:00,0,0
style.css,61,css,6f679c38,Kyle Dang,2026-04-06,21:53:31,-07:00,2026-04-06T21:53:31-07:00,0,13
style.css,62,css,6f679c38,Kyle Dang,2026-04-06,21:53:31,-07:00,2026-04-06T21:53:31-07:00,2,52
style.css,63,css,6f679c38,Kyle Dang,2026-04-06,21:53:31,-07:00,2026-04-06T21:53:31-07:00,4,50
style.css,64,css,6f679c38,Kyle Dang,2026-04-06,21:53:31,-07:00,2026-04-06T21:53:31-07:00,4,16
style.css,65,css,6f679c38,Kyle Dang,2026-04-06,21:53:31,-07:00,2026-04-06T21:53:31-07:00,2,0
style.css,66,css,6f679c38,Kyle Dang,2026-04-06,21:53:31,-07:00,2026-04-06T21:53:31-07:00,2,18
style.css,67,css,6f679c38,Kyle Dang,2026-04-06,21:53:31,-07:00,2026-04-06T21:53:31-07:00,2,12
style.css,68,css,6f679c38,Kyle Dang,2026-04-06,21:53:31,-07:00,2026-04-06T21:53:31-07:00,2,29
style.css,69,css,6f679c38,Kyle Dang,2026-04-06,21:53:31,-07:00,2026-04-06T21:53:31-07:00,0,0
style.css,70,css,6f679c38,Kyle Dang,2026-04-06,21:53:31,-07:00,2026-04-06T21:53:31-07:00,0,9
style.css,71,css,6f679c38,Kyle Dang,2026-04-06,21:53:31,-07:00,2026-04-06T21:53:31-07:00,2,12
style.css,72,css,6f679c38,Kyle Dang,2026-04-06,21:53:31,-07:00,2026-04-06T21:53:31-07:00,2,58
style.css,73,css,b6245670,Kyle Dang,2026-04-22,20:13:12,-07:00,2026-04-22T20:13:12-07:00,2,8
style.css,74,css,6f679c38,Kyle Dang,2026-04-06,21:53:31,-07:00,2026-04-06T21:53:31-07:00,0,0
style.css,75,css,6639e413,Kyle Dang,2026-04-06,22:15:35,-07:00,2026-04-06T22:15:35-07:00,0,17
style.css,76,css,6f679c38,Kyle Dang,2026-04-06,21:53:31,-07:00,2026-04-06T21:53:31-07:00,2,12
style.css,77,css,6f679c38,Kyle Dang,2026-04-06,21:53:31,-07:00,2026-04-06T21:53:31-07:00,2,26
style.css,78,css,7e73bead,Kyle Dang,2026-04-27,21:35:04,-07:00,2026-04-27T21:35:04-07:00,2,15
style.css,79,css,6f679c38,Kyle Dang,2026-04-06,21:53:31,-07:00,2026-04-06T21:53:31-07:00,2,7
style.css,80,css,6f679c38,Kyle Dang,2026-04-06,21:53:31,-07:00,2026-04-06T21:53:31-07:00,2,8
style.css,81,css,6f679c38,Kyle Dang,2026-04-06,21:53:31,-07:00,2026-04-06T21:53:31-07:00,0,0
style.css,82,css,6639e413,Kyle Dang,2026-04-06,22:15:35,-07:00,2026-04-06T22:15:35-07:00,0,20
style.css,83,css,6f679c38,Kyle Dang,2026-04-06,21:53:31,-07:00,2026-04-06T21:53:31-07:00,2,8
style.css,84,css,6f679c38,Kyle Dang,2026-04-06,21:53:31,-07:00,2026-04-06T21:53:31-07:00,0,0
style.css,85,css,6f679c38,Kyle Dang,2026-04-06,21:53:31,-07:00,2026-04-06T21:53:31-07:00,0,2
style.css,86,css,6f679c38,Kyle Dang,2026-04-06,21:53:31,-07:00,2026-04-06T21:53:31-07:00,2,14
style.css,87,css,1bcfde74,Kyle Dang,2026-04-06,22:11:55,-07:00,2026-04-06T22:11:55-07:00,0,0
style.css,88,css,1bcfde74,Kyle Dang,2026-04-06,22:11:55,-07:00,2026-04-06T22:11:55-07:00,0,22
style.css,89,css,6f679c38,Kyle Dang,2026-04-06,21:53:31,-07:00,2026-04-06T21:53:31-07:00,2,15
style.css,90,css,6f679c38,Kyle Dang,2026-04-06,21:53:31,-07:00,2026-04-06T21:53:31-07:00,2,17
style.css,91,css,1d47d392,Kyle Dang,2026-04-06,22:01:28,-07:00,2026-04-06T22:01:28-07:00,0,0
style.css,92,css,1d47d392,Kyle Dang,2026-04-06,22:01:28,-07:00,2026-04-06T22:01:28-07:00,0,7
style.css,93,css,1d47d392,Kyle Dang,2026-04-06,22:01:28,-07:00,2026-04-06T22:01:28-07:00,2,38
style.css,94,css,1d47d392,Kyle Dang,2026-04-06,22:01:28,-07:00,2026-04-06T22:01:28-07:00,2,15
style.css,95,css,1d47d392,Kyle Dang,2026-04-06,22:01:28,-07:00,2026-04-06T22:01:28-07:00,2,18
style.css,96,css,1d47d392,Kyle Dang,2026-04-06,22:01:28,-07:00,2026-04-06T22:01:28-07:00,0,0
style.css,97,css,1bcfde74,Kyle Dang,2026-04-06,22:11:55,-07:00,2026-04-06T22:11:55-07:00,0,16
style.css,98,css,1bcfde74,Kyle Dang,2026-04-06,22:11:55,-07:00,2026-04-06T22:11:55-07:00,0,18
style.css,99,css,1bcfde74,Kyle Dang,2026-04-06,22:11:55,-07:00,2026-04-06T22:11:55-07:00,2,19
style.css,100,css,1bcfde74,Kyle Dang,2026-04-06,22:11:55,-07:00,2026-04-06T22:11:55-07:00,0,0
style.css,101,css,1d47d392,Kyle Dang,2026-04-06,22:01:28,-07:00,2026-04-06T22:01:28-07:00,0,10
style.css,102,css,1d47d392,Kyle Dang,2026-04-06,22:01:28,-07:00,2026-04-06T22:01:28-07:00,2,25
style.css,103,css,1d47d392,Kyle Dang,2026-04-06,22:01:28,-07:00,2026-04-06T22:01:28-07:00,2,19
style.css,104,css,82516158,Kyle Dang,2026-04-15,17:13:12,-07:00,2026-04-15T17:13:12-07:00,0,0
style.css,105,css,82516158,Kyle Dang,2026-04-15,17:13:12,-07:00,2026-04-15T17:13:12-07:00,0,13
style.css,106,css,82516158,Kyle Dang,2026-04-15,17:13:12,-07:00,2026-04-15T17:13:12-07:00,2,17
style.css,107,css,82516158,Kyle Dang,2026-04-15,17:13:12,-07:00,2026-04-15T17:13:12-07:00,2,8
style.css,108,css,82516158,Kyle Dang,2026-04-15,17:13:12,-07:00,2026-04-15T17:13:12-07:00,2,10
style.css,109,css,82516158,Kyle Dang,2026-04-15,17:13:12,-07:00,2026-04-15T17:13:12-07:00,2,13
style.css,110,css,a6c9cd96,Kyle Dang,2026-04-22,19:00:01,-07:00,2026-04-22T19:00:01-07:00,0,0
style.css,111,css,a6c9cd96,Kyle Dang,2026-04-22,19:00:01,-07:00,2026-04-22T19:00:01-07:00,0,17
style.css,112,css,a6c9cd96,Kyle Dang,2026-04-22,19:00:01,-07:00,2026-04-22T19:00:01-07:00,2,12
style.css,113,css,a6c9cd96,Kyle Dang,2026-04-22,19:00:01,-07:00,2026-04-22T19:00:01-07:00,2,36
style.css,114,css,a6c9cd96,Kyle Dang,2026-04-22,19:00:01,-07:00,2026-04-22T19:00:01-07:00,0,0
style.css,115,css,a6c9cd96,Kyle Dang,2026-04-22,19:00:01,-07:00,2026-04-22T19:00:01-07:00,0,17
style.css,116,css,a6c9cd96,Kyle Dang,2026-04-22,19:00:01,-07:00,2026-04-22T19:00:01-07:00,2,10
style.css,117,css,a6c9cd96,Kyle Dang,2026-04-22,19:00:01,-07:00,2026-04-22T19:00:01-07:00,2,16
style.css,118,css,a6c9cd96,Kyle Dang,2026-04-22,19:00:01,-07:00,2026-04-22T19:00:01-07:00,0,0
style.css,119,css,a6c9cd96,Kyle Dang,2026-04-22,19:00:01,-07:00,2026-04-22T19:00:01-07:00,0,16
style.css,120,css,a6c9cd96,Kyle Dang,2026-04-22,19:00:01,-07:00,2026-04-22T19:00:01-07:00,2,10
style.css,121,css,a6c9cd96,Kyle Dang,2026-04-22,19:00:01,-07:00,2026-04-22T19:00:01-07:00,2,8
style.css,122,css,b6245670,Kyle Dang,2026-04-22,20:13:12,-07:00,2026-04-22T20:13:12-07:00,0,0
style.css,123,css,b6245670,Kyle Dang,2026-04-22,20:13:12,-07:00,2026-04-22T20:13:12-07:00,0,13
style.css,124,css,b6245670,Kyle Dang,2026-04-22,20:13:12,-07:00,2026-04-22T20:13:12-07:00,2,10
style.css,125,css,5ac17b2a,Kyle Dang,2026-04-22,20:21:19,-07:00,2026-04-22T20:21:19-07:00,2,17
style.css,126,css,5ac17b2a,Kyle Dang,2026-04-22,20:21:19,-07:00,2026-04-22T20:21:19-07:00,2,18
style.css,127,css,5ac17b2a,Kyle Dang,2026-04-22,20:21:19,-07:00,2026-04-22T20:21:19-07:00,2,22
style.css,128,css,b30e8a79,Kyle Dang,2026-04-27,19:56:58,-07:00,2026-04-27T19:56:58-07:00,0,0
style.css,129,css,b30e8a79,Kyle Dang,2026-04-27,19:56:58,-07:00,2026-04-27T19:56:58-07:00,0,14
style.css,130,css,b30e8a79,Kyle Dang,2026-04-27,19:56:58,-07:00,2026-04-27T19:56:58-07:00,2,23
style.css,131,css,b30e8a79,Kyle Dang,2026-04-27,19:56:58,-07:00,2026-04-27T19:56:58-07:00,2,34
style.css,132,css,3683abf6,Kyle Dang,2026-04-29,15:11:20,-07:00,2026-04-29T15:11:20-07:00,0,0
style.css,133,css,3683abf6,Kyle Dang,2026-04-29,15:11:20,-07:00,2026-04-29T15:11:20-07:00,0,18
style.css,134,css,3683abf6,Kyle Dang,2026-04-29,15:11:20,-07:00,2026-04-29T15:11:20-07:00,2,14
style.css,135,css,3683abf6,Kyle Dang,2026-04-29,15:11:20,-07:00,2026-04-29T15:11:20-07:00,2,16
style.css,136,css,3683abf6,Kyle Dang,2026-04-29,15:11:20,-07:00,2026-04-29T15:11:20-07:00,2,16
style.css,137,css,5ed7435f,Kyle Dang,2026-04-29,15:59:14,-07:00,2026-04-29T15:59:14-07:00,0,0
style.css,138,css,5ed7435f,Kyle Dang,2026-04-29,15:59:14,-07:00,2026-04-29T15:59:14-07:00,0,23
style.css,139,css,5ed7435f,Kyle Dang,2026-04-29,15:59:14,-07:00,2026-04-29T15:59:14-07:00,2,12
style.css,140,css,5ed7435f,Kyle Dang,2026-04-29,15:59:14,-07:00,2026-04-29T15:59:14-07:00,2,21
style.css,141,css,5ed7435f,Kyle Dang,2026-04-29,15:59:14,-07:00,2026-04-29T15:59:14-07:00,0,0
style.css,142,css,5ed7435f,Kyle Dang,2026-04-29,15:59:14,-07:00,2026-04-29T15:59:14-07:00,0,39
style.css,143,css,5ed7435f,Kyle Dang,2026-04-29,15:59:14,-07:00,2026-04-29T15:59:14-07:00,2,6
style.css,144,css,487d37f4,Kyle Dang,2026-04-29,18:05:51,-07:00,2026-04-29T18:05:51-07:00,0,0
style.css,145,css,487d37f4,Kyle Dang,2026-04-29,18:05:51,-07:00,2026-04-29T18:05:51-07:00,0,7
style.css,146,css,487d37f4,Kyle Dang,2026-04-29,18:05:51,-07:00,2026-04-29T18:05:51-07:00,2,20
style.css,147,css,487d37f4,Kyle Dang,2026-04-29,18:05:51,-07:00,2026-04-29T18:05:51-07:00,2,9
style.css,148,css,487d37f4,Kyle Dang,2026-04-29,18:05:51,-07:00,2026-04-29T18:05:51-07:00,2,16
style.css,149,css,487d37f4,Kyle Dang,2026-04-29,18:05:51,-07:00,2026-04-29T18:05:51-07:00,2,29
style.css,150,css,487d37f4,Kyle Dang,2026-04-29,18:05:51,-07:00,2026-04-29T18:05:51-07:00,2,17
style.css,151,css,487d37f4,Kyle Dang,2026-04-29,18:05:51,-07:00,2026-04-29T18:05:51-07:00,0,0
style.css,152,css,487d37f4,Kyle Dang,2026-04-29,18:05:51,-07:00,2026-04-29T18:05:51-07:00,0,12
style.css,153,css,487d37f4,Kyle Dang,2026-04-29,18:05:51,-07:00,2026-04-29T18:05:51-07:00,2,12
style.css,154,css,487d37f4,Kyle Dang,2026-04-29,18:05:51,-07:00,2026-04-29T18:05:51-07:00,2,18
style.css,155,css,487d37f4,Kyle Dang,2026-04-29,18:05:51,-07:00,2026-04-29T18:05:51-07:00,2,9
style.css,156,css,487d37f4,Kyle Dang,2026-04-29,18:05:51,-07:00,2026-04-29T18:05:51-07:00,0,0
style.css,157,css,487d37f4,Kyle Dang,2026-04-29,18:05:51,-07:00,2026-04-29T18:05:51-07:00,0,7
style.css,158,css,487d37f4,Kyle Dang,2026-04-29,18:05:51,-07:00,2026-04-29T18:05:51-07:00,2,12
style.css,159,css,487d37f4,Kyle Dang,2026-04-29,18:05:51,-07:00,2026-04-29T18:05:51-07:00,2,57
style.css,160,css,487d37f4,Kyle Dang,2026-04-29,18:05:51,-07:00,2026-04-29T18:05:51-07:00,2,7
style.css,161,css,487d37f4,Kyle Dang,2026-04-29,18:05:51,-07:00,2026-04-29T18:05:51-07:00,2,11
style.css,162,css,487d37f4,Kyle Dang,2026-04-29,18:05:51,-07:00,2026-04-29T18:05:51-07:00,2,34
style.css,163,css,487d37f4,Kyle Dang,2026-04-29,18:05:51,-07:00,2026-04-29T18:05:51-07:00,2,10
style.css,164,css,487d37f4,Kyle Dang,2026-04-29,18:05:51,-07:00,2026-04-29T18:05:51-07:00,2,15
style.css,165,css,487d37f4,Kyle Dang,2026-04-29,18:05:51,-07:00,2026-04-29T18:05:51-07:00,2,6
style.css,166,css,487d37f4,Kyle Dang,2026-04-29,18:05:51,-07:00,2026-04-29T18:05:51-07:00,0,0
style.css,167,css,487d37f4,Kyle Dang,2026-04-29,18:05:51,-07:00,2026-04-29T18:05:51-07:00,0,10
style.css,168,css,487d37f4,Kyle Dang,2026-04-29,18:05:51,-07:00,2026-04-29T18:05:51-07:00,2,12
style.css,169,css,487d37f4,Kyle Dang,2026-04-29,18:05:51,-07:00,2026-04-29T18:05:51-07:00,2,18
style.css,170,css,487d37f4,Kyle Dang,2026-04-29,18:05:51,-07:00,2026-04-29T18:05:51-07:00,2,7
style.css,171,css,1b9832d0,Kyle Dang,2026-04-29,18:40:34,-07:00,2026-04-29T18:40:34-07:00,0,0
style.css,172,css,1b9832d0,Kyle Dang,2026-04-29,18:40:34,-07:00,2026-04-29T18:40:34-07:00,0,10
style.css,173,css,68680de7,Kyle Dang,2026-04-29,18:57:56,-07:00,2026-04-29T18:57:56-07:00,2,16
style.css,174,css,68680de7,Kyle Dang,2026-04-29,18:57:56,-07:00,2026-04-29T18:57:56-07:00,0,0
style.css,175,css,68680de7,Kyle Dang,2026-04-29,18:57:56,-07:00,2026-04-29T18:57:56-07:00,0,4
style.css,176,css,68680de7,Kyle Dang,2026-04-29,18:57:56,-07:00,2026-04-29T18:57:56-07:00,2,14
style.css,177,css,68680de7,Kyle Dang,2026-04-29,18:57:56,-07:00,2026-04-29T18:57:56-07:00,2,16
style.css,178,css,68680de7,Kyle Dang,2026-04-29,18:57:56,-07:00,2026-04-29T18:57:56-07:00,0,0
style.css,179,css,68680de7,Kyle Dang,2026-04-29,18:57:56,-07:00,2026-04-29T18:57:56-07:00,0,51
style.css,180,css,68680de7,Kyle Dang,2026-04-29,18:57:56,-07:00,2026-04-29T18:57:56-07:00,2,11
style.css,181,css,68680de7,Kyle Dang,2026-04-29,18:57:56,-07:00,2026-04-29T18:57:56-07:00,0,0
style.css,182,css,68680de7,Kyle Dang,2026-04-29,18:57:56,-07:00,2026-04-29T18:57:56-07:00,0,9
style.css,183,css,68680de7,Kyle Dang,2026-04-29,18:57:56,-07:00,2026-04-29T18:57:56-07:00,2,35
style.css,184,css,68680de7,Kyle Dang,2026-04-29,18:57:56,-07:00,2026-04-29T18:57:56-07:00,0,0
style.css,185,css,68680de7,Kyle Dang,2026-04-29,18:57:56,-07:00,2026-04-29T18:57:56-07:00,0,18
style.css,186,css,68680de7,Kyle Dang,2026-04-29,18:57:56,-07:00,2026-04-29T18:57:56-07:00,2,17
style.css,187,css,e46d050d,Kyle Dang,2026-05-06,18:18:03,-07:00,2026-05-06T18:18:03-07:00,0,0
style.css,188,css,e46d050d,Kyle Dang,2026-05-06,18:18:03,-07:00,2026-05-06T18:18:03-07:00,0,6
style.css,189,css,e46d050d,Kyle Dang,2026-05-06,18:18:03,-07:00,2026-05-06T18:18:03-07:00,2,12
style.css,190,css,e46d050d,Kyle Dang,2026-05-06,18:18:03,-07:00,2026-05-06T18:18:03-07:00,2,31
style.css,191,css,e46d050d,Kyle Dang,2026-05-06,18:18:03,-07:00,2026-05-06T18:18:03-07:00,2,13
style.css,192,css,e46d050d,Kyle Dang,2026-05-06,18:18:03,-07:00,2026-05-06T18:18:03-07:00,0,0
style.css,193,css,e46d050d,Kyle Dang,2026-05-06,18:18:03,-07:00,2026-05-06T18:18:03-07:00,0,9
style.css,194,css,e46d050d,Kyle Dang,2026-05-06,18:18:03,-07:00,2026-05-06T18:18:03-07:00,2,15
style.css,195,css,e46d050d,Kyle Dang,2026-05-06,18:18:03,-07:00,2026-05-06T18:18:03-07:00,2,10
style.css,196,css,e46d050d,Kyle Dang,2026-05-06,18:18:03,-07:00,2026-05-06T18:18:03-07:00,0,0
style.css,197,css,e46d050d,Kyle Dang,2026-05-06,18:18:03,-07:00,2026-05-06T18:18:03-07:00,0,9
style.css,198,css,e46d050d,Kyle Dang,2026-05-06,18:18:03,-07:00,2026-05-06T18:18:03-07:00,2,8
style.css,199,css,e46d050d,Kyle Dang,2026-05-06,18:18:03,-07:00,2026-05-06T18:18:03-07:00,2,16
style.css,200,css,fe14d308,Kyle Dang,2026-05-06,18:40:04,-07:00,2026-05-06T18:40:04-07:00,0,0
style.css,201,css,fe14d308,Kyle Dang,2026-05-06,18:40:04,-07:00,2026-05-06T18:40:04-07:00,0,15
style.css,202,css,fe14d308,Kyle Dang,2026-05-06,18:40:04,-07:00,2026-05-06T18:40:04-07:00,2,11
style.css,203,css,fe14d308,Kyle Dang,2026-05-06,18:40:04,-07:00,2026-05-06T18:40:04-07:00,2,18
style.css,204,css,fe14d308,Kyle Dang,2026-05-06,18:40:04,-07:00,2026-05-06T18:40:04-07:00,0,0
style.css,205,css,fe14d308,Kyle Dang,2026-05-06,18:40:04,-07:00,2026-05-06T18:40:04-07:00,0,15
style.css,206,css,fe14d308,Kyle Dang,2026-05-06,18:40:04,-07:00,2026-05-06T18:40:04-07:00,2,12
style.css,207,css,fa19fcc6,Kyle Dang,2026-05-06,18:57:24,-07:00,2026-05-06T18:57:24-07:00,0,0
style.css,208,css,fa19fcc6,Kyle Dang,2026-05-06,18:57:24,-07:00,2026-05-06T18:57:24-07:00,0,7
style.css,209,css,fa19fcc6,Kyle Dang,2026-05-06,18:57:24,-07:00,2026-05-06T18:57:24-07:00,2,12
style.css,210,css,fa19fcc6,Kyle Dang,2026-05-06,18:57:24,-07:00,2026-05-06T18:57:24-07:00,2,31
style.css,211,css,fa19fcc6,Kyle Dang,2026-05-06,18:57:24,-07:00,2026-05-06T18:57:24-07:00,2,13
style.css,212,css,fa19fcc6,Kyle Dang,2026-05-06,18:57:24,-07:00,2026-05-06T18:57:24-07:00,2,8
style.css,213,css,fa19fcc6,Kyle Dang,2026-05-06,18:57:24,-07:00,2026-05-06T18:57:24-07:00,2,25
style.css,214,css,fa19fcc6,Kyle Dang,2026-05-06,18:57:24,-07:00,2026-05-06T18:57:24-07:00,2,39
style.css,215,css,fa19fcc6,Kyle Dang,2026-05-06,18:57:24,-07:00,2026-05-06T18:57:24-07:00,0,0
style.css,216,css,fa19fcc6,Kyle Dang,2026-05-06,18:57:24,-07:00,2026-05-06T18:57:24-07:00,0,10
style.css,217,css,fa19fcc6,Kyle Dang,2026-05-06,18:57:24,-07:00,2026-05-06T18:57:24-07:00,2,10
style.css,218,css,fa19fcc6,Kyle Dang,2026-05-06,18:57:24,-07:00,2026-05-06T18:57:24-07:00,2,15
style.css,219,css,fa19fcc6,Kyle Dang,2026-05-06,18:57:24,-07:00,2026-05-06T18:57:24-07:00,0,0
style.css,220,css,fa19fcc6,Kyle Dang,2026-05-06,18:57:24,-07:00,2026-05-06T18:57:24-07:00,0,10
style.css,221,css,fa19fcc6,Kyle Dang,2026-05-06,18:57:24,-07:00,2026-05-06T18:57:24-07:00,2,8
style.css,222,css,fa19fcc6,Kyle Dang,2026-05-06,18:57:24,-07:00,2026-05-06T18:57:24-07:00,0,0
style.css,223,css,fa19fcc6,Kyle Dang,2026-05-06,18:57:24,-07:00,2026-05-06T18:57:24-07:00,0,42
style.css,224,css,fa19fcc6,Kyle Dang,2026-05-06,18:57:24,-07:00,2026-05-06T18:57:24-07:00,2,9
style.css,225,css,fa19fcc6,Kyle Dang,2026-05-06,18:57:24,-07:00,2026-05-06T18:57:24-07:00,2,17
style.css,226,css,fa19fcc6,Kyle Dang,2026-05-06,18:57:24,-07:00,2026-05-06T18:57:24-07:00,0,0
style.css,227,css,fa19fcc6,Kyle Dang,2026-05-06,18:57:24,-07:00,2026-05-06T18:57:24-07:00,0,8
style.css,228,css,fa19fcc6,Kyle Dang,2026-05-06,18:57:24,-07:00,2026-05-06T18:57:24-07:00,2,14
style.css,229,css,fa19fcc6,Kyle Dang,2026-05-06,18:57:24,-07:00,2026-05-06T18:57:24-07:00,2,7
style.css,230,css,fa19fcc6,Kyle Dang,2026-05-06,18:57:24,-07:00,2026-05-06T18:57:24-07:00,2,8
style.css,231,css,fa19fcc6,Kyle Dang,2026-05-06,18:57:24,-07:00,2026-05-06T18:57:24-07:00,2,42
style.css,232,css,fa19fcc6,Kyle Dang,2026-05-06,18:57:24,-07:00,2026-05-06T18:57:24-07:00,2,41
style.css,233,css,fa19fcc6,Kyle Dang,2026-05-06,18:57:24,-07:00,2026-05-06T18:57:24-07:00,2,17
style.css,234,css,fa19fcc6,Kyle Dang,2026-05-06,18:57:24,-07:00,2026-05-06T18:57:24-07:00,2,11
style.css,235,css,fa19fcc6,Kyle Dang,2026-05-06,18:57:24,-07:00,2026-05-06T18:57:24-07:00,2,25
style.css,236,css,fa19fcc6,Kyle Dang,2026-05-06,18:57:24,-07:00,2026-05-06T18:57:24-07:00,0,0
style.css,237,css,fa19fcc6,Kyle Dang,2026-05-06,18:57:24,-07:00,2026-05-06T18:57:24-07:00,0,6
style.css,238,css,fa19fcc6,Kyle Dang,2026-05-06,18:57:24,-07:00,2026-05-06T18:57:24-07:00,2,16
style.css,239,css,fa19fcc6,Kyle Dang,2026-05-06,18:57:24,-07:00,2026-05-06T18:57:24-07:00,2,23
style.css,240,css,fa19fcc6,Kyle Dang,2026-05-06,18:57:24,-07:00,2026-05-06T18:57:24-07:00,2,22
style.css,241,css,fa19fcc6,Kyle Dang,2026-05-06,18:57:24,-07:00,2026-05-06T18:57:24-07:00,0,0
style.css,242,css,fa19fcc6,Kyle Dang,2026-05-06,18:57:24,-07:00,2026-05-06T18:57:24-07:00,0,12
style.css,243,css,fa19fcc6,Kyle Dang,2026-05-06,18:57:24,-07:00,2026-05-06T18:57:24-07:00,2,20
style.css,244,css,96953ee8,Kyle Dang,2026-05-06,22:54:31,-07:00,2026-05-06T22:54:31-07:00,0,0
style.css,245,css,96953ee8,Kyle Dang,2026-05-06,22:54:31,-07:00,2026-05-06T22:54:31-07:00,0,15
style.css,246,css,96953ee8,Kyle Dang,2026-05-06,22:54:31,-07:00,2026-05-06T22:54:31-07:00,2,12
style.css,247,css,96953ee8,Kyle Dang,2026-05-06,22:54:31,-07:00,2026-05-06T22:54:31-07:00,0,0
style.css,248,css,96953ee8,Kyle Dang,2026-05-06,22:54:31,-07:00,2026-05-06T22:54:31-07:00,0,24
style.css,249,css,96953ee8,Kyle Dang,2026-05-06,22:54:31,-07:00,2026-05-06T22:54:31-07:00,2,25
style.css,250,css,96953ee8,Kyle Dang,2026-05-06,22:54:31,-07:00,2026-05-06T22:54:31-07:00,0,0
style.css,251,css,96953ee8,Kyle Dang,2026-05-06,22:54:31,-07:00,2026-05-06T22:54:31-07:00,0,10
style.css,252,css,96953ee8,Kyle Dang,2026-05-06,22:54:31,-07:00,2026-05-06T22:54:31-07:00,2,16
style.css,253,css,96953ee8,Kyle Dang,2026-05-06,22:54:31,-07:00,2026-05-06T22:54:31-07:00,2,12
style.css,254,css,96953ee8,Kyle Dang,2026-05-06,22:54:31,-07:00,2026-05-06T22:54:31-07:00,2,18
style.css,255,css,96953ee8,Kyle Dang,2026-05-06,22:54:31,-07:00,2026-05-06T22:54:31-07:00,2,20
style.css,256,css,96953ee8,Kyle Dang,2026-05-06,22:54:31,-07:00,2026-05-06T22:54:31-07:00,2,42
style.css,257,css,7f221bc8,Kyle Dang,2026-05-12,15:01:38,-07:00,2026-05-12T15:01:38-07:00,0,0
style.css,258,css,7f221bc8,Kyle Dang,2026-05-12,15:01:38,-07:00,2026-05-12T15:01:38-07:00,0,15
style.css,259,css,7f221bc8,Kyle Dang,2026-05-12,15:01:38,-07:00,2026-05-12T15:01:38-07:00,2,12
style.css,260,css,7f221bc8,Kyle Dang,2026-05-12,15:01:38,-07:00,2026-05-12T15:01:38-07:00,2,20
style.css,261,css,7f221bc8,Kyle Dang,2026-05-12,15:01:38,-07:00,2026-05-12T15:01:38-07:00,2,7
style.css,262,css,7f221bc8,Kyle Dang,2026-05-12,15:01:38,-07:00,2026-05-12T15:01:38-07:00,2,15
style.css,263,css,7f221bc8,Kyle Dang,2026-05-12,15:01:38,-07:00,2026-05-12T15:01:38-07:00,0,0
style.css,264,css,7f221bc8,Kyle Dang,2026-05-12,15:01:38,-07:00,2026-05-12T15:01:38-07:00,0,13
style.css,265,css,7f221bc8,Kyle Dang,2026-05-12,15:01:38,-07:00,2026-05-12T15:01:38-07:00,2,8
style.css,266,css,4bcd200b,Kyle Dang,2026-05-12,15:08:21,-07:00,2026-05-12T15:08:21-07:00,0,0
style.css,267,css,4bcd200b,Kyle Dang,2026-05-12,15:08:21,-07:00,2026-05-12T15:08:21-07:00,0,17
style.css,268,css,4bcd200b,Kyle Dang,2026-05-12,15:08:21,-07:00,2026-05-12T15:08:21-07:00,2,13
style.css,269,css,4bcd200b,Kyle Dang,2026-05-12,15:08:21,-07:00,2026-05-12T15:08:21-07:00,2,20
style.css,270,css,4bcd200b,Kyle Dang,2026-05-12,15:08:21,-07:00,2026-05-12T15:08:21-07:00,2,36
style.css,271,css,4bcd200b,Kyle Dang,2026-05-12,15:08:21,-07:00,2026-05-12T15:08:21-07:00,0,0
style.css,272,css,4bcd200b,Kyle Dang,2026-05-12,15:08:21,-07:00,2026-05-12T15:08:21-07:00,0,22
style.css,273,css,4bcd200b,Kyle Dang,2026-05-12,15:08:21,-07:00,2026-05-12T15:08:21-07:00,2,11
style.css,274,css,d48407a2,Kyle Dang,2026-04-06,21:20:00,-07:00,2026-04-06T21:20:00-07:00,0,0
resume.html,1,html,e0aa5f9c,Kyle Dang,2026-03-30,18:09:08,-07:00,2026-03-30T18:09:08-07:00,0,13
resume.html,2,html,e0aa5f9c,Kyle Dang,2026-03-30,18:09:08,-07:00,2026-03-30T18:09:08-07:00,0,14
resume.html,3,html,e0aa5f9c,Kyle Dang,2026-03-30,18:09:08,-07:00,2026-03-30T18:09:08-07:00,0,4
resume.html,4,html,e0aa5f9c,Kyle Dang,2026-03-30,18:09:08,-07:00,2026-03-30T18:09:08-07:00,2,20
resume.html,5,html,e0aa5f9c,Kyle Dang,2026-03-30,18:09:08,-07:00,2026-03-30T18:09:08-07:00,2,68
resume.html,6,html,e0aa5f9c,Kyle Dang,2026-03-30,18:09:08,-07:00,2026-03-30T18:09:08-07:00,2,19
resume.html,7,html,e0aa5f9c,Kyle Dang,2026-03-30,18:09:08,-07:00,2026-03-30T18:09:08-07:00,2,38
resume.html,8,html,8334ab70,Kyle Dang,2026-04-13,13:40:58,-07:00,2026-04-13T13:40:58-07:00,2,45
resume.html,9,html,e0aa5f9c,Kyle Dang,2026-03-30,18:09:08,-07:00,2026-03-30T18:09:08-07:00,0,5
resume.html,10,html,e0aa5f9c,Kyle Dang,2026-03-30,18:09:08,-07:00,2026-03-30T18:09:08-07:00,0,4
resume.html,11,html,fb5e5d42,Kyle Dang,2026-04-06,21:03:54,-07:00,2026-04-06T21:03:54-07:00,2,16
resume.html,12,html,e0aa5f9c,Kyle Dang,2026-03-30,18:09:08,-07:00,2026-03-30T18:09:08-07:00,2,7
resume.html,13,html,e0aa5f9c,Kyle Dang,2026-03-30,18:09:08,-07:00,2026-03-30T18:09:08-07:00,4,7
resume.html,14,html,0708c2f1,Kyle Dang,2026-04-06,22:31:35,-07:00,2026-04-06T22:31:35-07:00,6,217
resume.html,15,html,e0aa5f9c,Kyle Dang,2026-03-30,18:09:08,-07:00,2026-03-30T18:09:08-07:00,4,8
resume.html,16,html,e0aa5f9c,Kyle Dang,2026-03-30,18:09:08,-07:00,2026-03-30T18:09:08-07:00,2,8
resume.html,17,html,e0aa5f9c,Kyle Dang,2026-03-30,18:09:08,-07:00,2026-03-30T18:09:08-07:00,2,7
resume.html,18,html,e0aa5f9c,Kyle Dang,2026-03-30,18:09:08,-07:00,2026-03-30T18:09:08-07:00,4,16
resume.html,19,html,e0aa5f9c,Kyle Dang,2026-03-30,18:09:08,-07:00,2026-03-30T18:09:08-07:00,4,7
resume.html,20,html,e0aa5f9c,Kyle Dang,2026-03-30,18:09:08,-07:00,2026-03-30T18:09:08-07:00,6,6
resume.html,21,html,e0aa5f9c,Kyle Dang,2026-03-30,18:09:08,-07:00,2026-03-30T18:09:08-07:00,8,42
resume.html,22,html,e0aa5f9c,Kyle Dang,2026-03-30,18:09:08,-07:00,2026-03-30T18:09:08-07:00,8,36
resume.html,23,html,e0aa5f9c,Kyle Dang,2026-03-30,18:09:08,-07:00,2026-03-30T18:09:08-07:00,6,7
resume.html,24,html,e0aa5f9c,Kyle Dang,2026-03-30,18:09:08,-07:00,2026-03-30T18:09:08-07:00,6,95
resume.html,25,html,e0aa5f9c,Kyle Dang,2026-03-30,18:09:08,-07:00,2026-03-30T18:09:08-07:00,6,2
resume.html,26,html,e0aa5f9c,Kyle Dang,2026-03-30,18:09:08,-07:00,2026-03-30T18:09:08-07:00,8,35
resume.html,27,html,e0aa5f9c,Kyle Dang,2026-03-30,18:09:08,-07:00,2026-03-30T18:09:08-07:00,8,43
resume.html,28,html,e0aa5f9c,Kyle Dang,2026-03-30,18:09:08,-07:00,2026-03-30T18:09:08-07:00,8,29
resume.html,29,html,e0aa5f9c,Kyle Dang,2026-03-30,18:09:08,-07:00,2026-03-30T18:09:08-07:00,8,21
resume.html,30,html,e0aa5f9c,Kyle Dang,2026-03-30,18:09:08,-07:00,2026-03-30T18:09:08-07:00,6,3
resume.html,31,html,e0aa5f9c,Kyle Dang,2026-03-30,18:09:08,-07:00,2026-03-30T18:09:08-07:00,4,8
resume.html,32,html,e0aa5f9c,Kyle Dang,2026-03-30,18:09:08,-07:00,2026-03-30T18:09:08-07:00,2,8
resume.html,33,html,e0aa5f9c,Kyle Dang,2026-03-30,18:09:08,-07:00,2026-03-30T18:09:08-07:00,2,7
resume.html,34,html,e0aa5f9c,Kyle Dang,2026-03-30,18:09:08,-07:00,2026-03-30T18:09:08-07:00,4,15
resume.html,35,html,e0aa5f9c,Kyle Dang,2026-03-30,18:09:08,-07:00,2026-03-30T18:09:08-07:00,4,7
resume.html,36,html,e0aa5f9c,Kyle Dang,2026-03-30,18:09:08,-07:00,2026-03-30T18:09:08-07:00,6,6
resume.html,37,html,e0aa5f9c,Kyle Dang,2026-03-30,18:09:08,-07:00,2026-03-30T18:09:08-07:00,8,25
resume.html,38,html,e0aa5f9c,Kyle Dang,2026-03-30,18:09:08,-07:00,2026-03-30T18:09:08-07:00,6,7
resume.html,39,html,e0aa5f9c,Kyle Dang,2026-03-30,18:09:08,-07:00,2026-03-30T18:09:08-07:00,6,87
resume.html,40,html,e0aa5f9c,Kyle Dang,2026-03-30,18:09:08,-07:00,2026-03-30T18:09:08-07:00,6,2
resume.html,41,html,e0aa5f9c,Kyle Dang,2026-03-30,18:09:08,-07:00,2026-03-30T18:09:08-07:00,8,195
resume.html,42,html,e0aa5f9c,Kyle Dang,2026-03-30,18:09:08,-07:00,2026-03-30T18:09:08-07:00,8,162
resume.html,43,html,e0aa5f9c,Kyle Dang,2026-03-30,18:09:08,-07:00,2026-03-30T18:09:08-07:00,6,3
resume.html,44,html,e0aa5f9c,Kyle Dang,2026-03-30,18:09:08,-07:00,2026-03-30T18:09:08-07:00,4,8
resume.html,45,html,e0aa5f9c,Kyle Dang,2026-03-30,18:09:08,-07:00,2026-03-30T18:09:08-07:00,4,7
resume.html,46,html,e0aa5f9c,Kyle Dang,2026-03-30,18:09:08,-07:00,2026-03-30T18:09:08-07:00,6,6
resume.html,47,html,e0aa5f9c,Kyle Dang,2026-03-30,18:09:08,-07:00,2026-03-30T18:09:08-07:00,8,48
resume.html,48,html,e0aa5f9c,Kyle Dang,2026-03-30,18:09:08,-07:00,2026-03-30T18:09:08-07:00,6,7
resume.html,49,html,e0aa5f9c,Kyle Dang,2026-03-30,18:09:08,-07:00,2026-03-30T18:09:08-07:00,6,94
resume.html,50,html,e0aa5f9c,Kyle Dang,2026-03-30,18:09:08,-07:00,2026-03-30T18:09:08-07:00,6,2
resume.html,51,html,e0aa5f9c,Kyle Dang,2026-03-30,18:09:08,-07:00,2026-03-30T18:09:08-07:00,8,196
resume.html,52,html,e0aa5f9c,Kyle Dang,2026-03-30,18:09:08,-07:00,2026-03-30T18:09:08-07:00,8,169
resume.html,53,html,e0aa5f9c,Kyle Dang,2026-03-30,18:09:08,-07:00,2026-03-30T18:09:08-07:00,8,145
resume.html,54,html,e0aa5f9c,Kyle Dang,2026-03-30,18:09:08,-07:00,2026-03-30T18:09:08-07:00,8,101
resume.html,55,html,e0aa5f9c,Kyle Dang,2026-03-30,18:09:08,-07:00,2026-03-30T18:09:08-07:00,8,91
resume.html,56,html,e0aa5f9c,Kyle Dang,2026-03-30,18:09:08,-07:00,2026-03-30T18:09:08-07:00,6,3
resume.html,57,html,e0aa5f9c,Kyle Dang,2026-03-30,18:09:08,-07:00,2026-03-30T18:09:08-07:00,4,8
resume.html,58,html,e0aa5f9c,Kyle Dang,2026-03-30,18:09:08,-07:00,2026-03-30T18:09:08-07:00,4,7
resume.html,59,html,e0aa5f9c,Kyle Dang,2026-03-30,18:09:08,-07:00,2026-03-30T18:09:08-07:00,6,6
resume.html,60,html,e0aa5f9c,Kyle Dang,2026-03-30,18:09:08,-07:00,2026-03-30T18:09:08-07:00,8,20
resume.html,61,html,e0aa5f9c,Kyle Dang,2026-03-30,18:09:08,-07:00,2026-03-30T18:09:08-07:00,6,7
resume.html,62,html,e0aa5f9c,Kyle Dang,2026-03-30,18:09:08,-07:00,2026-03-30T18:09:08-07:00,6,95
resume.html,63,html,e0aa5f9c,Kyle Dang,2026-03-30,18:09:08,-07:00,2026-03-30T18:09:08-07:00,6,2
resume.html,64,html,1bcfde74,Kyle Dang,2026-04-06,22:11:55,-07:00,2026-04-06T22:11:55-07:00,8,113
resume.html,65,html,e0aa5f9c,Kyle Dang,2026-03-30,18:09:08,-07:00,2026-03-30T18:09:08-07:00,8,140
resume.html,66,html,e0aa5f9c,Kyle Dang,2026-03-30,18:09:08,-07:00,2026-03-30T18:09:08-07:00,8,124
resume.html,67,html,e0aa5f9c,Kyle Dang,2026-03-30,18:09:08,-07:00,2026-03-30T18:09:08-07:00,8,119
resume.html,68,html,e0aa5f9c,Kyle Dang,2026-03-30,18:09:08,-07:00,2026-03-30T18:09:08-07:00,6,3
resume.html,69,html,e0aa5f9c,Kyle Dang,2026-03-30,18:09:08,-07:00,2026-03-30T18:09:08-07:00,4,8
resume.html,70,html,e0aa5f9c,Kyle Dang,2026-03-30,18:09:08,-07:00,2026-03-30T18:09:08-07:00,2,8
resume.html,71,html,e0aa5f9c,Kyle Dang,2026-03-30,18:09:08,-07:00,2026-03-30T18:09:08-07:00,2,7
resume.html,72,html,e0aa5f9c,Kyle Dang,2026-03-30,18:09:08,-07:00,2026-03-30T18:09:08-07:00,4,17
resume.html,73,html,e0aa5f9c,Kyle Dang,2026-03-30,18:09:08,-07:00,2026-03-30T18:09:08-07:00,4,7
resume.html,74,html,e0aa5f9c,Kyle Dang,2026-03-30,18:09:08,-07:00,2026-03-30T18:09:08-07:00,6,6
resume.html,75,html,e0aa5f9c,Kyle Dang,2026-03-30,18:09:08,-07:00,2026-03-30T18:09:08-07:00,8,34
resume.html,76,html,e0aa5f9c,Kyle Dang,2026-03-30,18:09:08,-07:00,2026-03-30T18:09:08-07:00,6,7
resume.html,77,html,e0aa5f9c,Kyle Dang,2026-03-30,18:09:08,-07:00,2026-03-30T18:09:08-07:00,6,93
resume.html,78,html,e0aa5f9c,Kyle Dang,2026-03-30,18:09:08,-07:00,2026-03-30T18:09:08-07:00,6,2
resume.html,79,html,e0aa5f9c,Kyle Dang,2026-03-30,18:09:08,-07:00,2026-03-30T18:09:08-07:00,8,132
resume.html,80,html,e0aa5f9c,Kyle Dang,2026-03-30,18:09:08,-07:00,2026-03-30T18:09:08-07:00,8,106
resume.html,81,html,e0aa5f9c,Kyle Dang,2026-03-30,18:09:08,-07:00,2026-03-30T18:09:08-07:00,8,101
resume.html,82,html,e0aa5f9c,Kyle Dang,2026-03-30,18:09:08,-07:00,2026-03-30T18:09:08-07:00,6,3
resume.html,83,html,e0aa5f9c,Kyle Dang,2026-03-30,18:09:08,-07:00,2026-03-30T18:09:08-07:00,4,8
resume.html,84,html,e0aa5f9c,Kyle Dang,2026-03-30,18:09:08,-07:00,2026-03-30T18:09:08-07:00,2,8
resume.html,85,html,e0aa5f9c,Kyle Dang,2026-03-30,18:09:08,-07:00,2026-03-30T18:09:08-07:00,2,7
resume.html,86,html,e0aa5f9c,Kyle Dang,2026-03-30,18:09:08,-07:00,2026-03-30T18:09:08-07:00,4,13
resume.html,87,html,e0aa5f9c,Kyle Dang,2026-03-30,18:09:08,-07:00,2026-03-30T18:09:08-07:00,4,7
resume.html,88,html,e0aa5f9c,Kyle Dang,2026-03-30,18:09:08,-07:00,2026-03-30T18:09:08-07:00,6,6
resume.html,89,html,51daf72f,Kyle Dang,2026-03-30,18:13:12,-07:00,2026-03-30T18:13:12-07:00,8,23
resume.html,90,html,e0aa5f9c,Kyle Dang,2026-03-30,18:09:08,-07:00,2026-03-30T18:09:08-07:00,6,7
resume.html,91,html,e0aa5f9c,Kyle Dang,2026-03-30,18:09:08,-07:00,2026-03-30T18:09:08-07:00,6,45
resume.html,92,html,e0aa5f9c,Kyle Dang,2026-03-30,18:09:08,-07:00,2026-03-30T18:09:08-07:00,4,8
resume.html,93,html,e0aa5f9c,Kyle Dang,2026-03-30,18:09:08,-07:00,2026-03-30T18:09:08-07:00,4,7
resume.html,94,html,e0aa5f9c,Kyle Dang,2026-03-30,18:09:08,-07:00,2026-03-30T18:09:08-07:00,6,6
resume.html,95,html,e0aa5f9c,Kyle Dang,2026-03-30,18:09:08,-07:00,2026-03-30T18:09:08-07:00,8,25
resume.html,96,html,e0aa5f9c,Kyle Dang,2026-03-30,18:09:08,-07:00,2026-03-30T18:09:08-07:00,6,7
resume.html,97,html,e0aa5f9c,Kyle Dang,2026-03-30,18:09:08,-07:00,2026-03-30T18:09:08-07:00,6,104
resume.html,98,html,e0aa5f9c,Kyle Dang,2026-03-30,18:09:08,-07:00,2026-03-30T18:09:08-07:00,4,8
resume.html,99,html,e0aa5f9c,Kyle Dang,2026-03-30,18:09:08,-07:00,2026-03-30T18:09:08-07:00,2,8
resume.html,100,html,e0aa5f9c,Kyle Dang,2026-03-30,18:09:08,-07:00,2026-03-30T18:09:08-07:00,0,5
resume.html,101,html,e0aa5f9c,Kyle Dang,2026-03-30,18:09:08,-07:00,2026-03-30T18:09:08-07:00,0,5
index.js,1,js,1b24111a,Kyle Dang,2026-04-22,18:39:25,-07:00,2026-04-22T18:39:25-07:00,0,71
index.js,2,js,1b24111a,Kyle Dang,2026-04-22,18:39:25,-07:00,2026-04-22T18:39:25-07:00,0,54
index.js,3,js,1b24111a,Kyle Dang,2026-04-22,18:39:25,-07:00,2026-04-22T18:39:25-07:00,0,41
index.js,4,js,1b24111a,Kyle Dang,2026-04-22,18:39:25,-07:00,2026-04-22T18:39:25-07:00,0,60
index.js,5,js,4463be1e,Kyle Dang,2026-04-22,18:53:36,-07:00,2026-04-22T18:53:36-07:00,0,55
index.js,6,js,6c54c051,Kyle Dang,2026-04-22,18:50:34,-07:00,2026-04-22T18:50:34-07:00,0,60
index.js,7,js,6c54c051,Kyle Dang,2026-04-22,18:50:34,-07:00,2026-04-22T18:50:34-07:00,0,0
index.js,8,js,6c54c051,Kyle Dang,2026-04-22,18:50:34,-07:00,2026-04-22T18:50:34-07:00,0,17
index.js,9,js,6c54c051,Kyle Dang,2026-04-22,18:50:34,-07:00,2026-04-22T18:50:34-07:00,2,24
index.js,10,js,4cae7d7c,Kyle Dang,2026-04-22,20:06:51,-07:00,2026-04-22T20:06:51-07:00,4,22
index.js,11,js,6c54c051,Kyle Dang,2026-04-22,18:50:34,-07:00,2026-04-22T18:50:34-07:00,4,2
index.js,12,js,6c54c051,Kyle Dang,2026-04-22,18:50:34,-07:00,2026-04-22T18:50:34-07:00,6,55
index.js,13,js,6c54c051,Kyle Dang,2026-04-22,18:50:34,-07:00,2026-04-22T18:50:34-07:00,6,55
index.js,14,js,6c54c051,Kyle Dang,2026-04-22,18:50:34,-07:00,2026-04-22T18:50:34-07:00,6,49
index.js,15,js,6c54c051,Kyle Dang,2026-04-22,18:50:34,-07:00,2026-04-22T18:50:34-07:00,6,49
index.js,16,js,6c54c051,Kyle Dang,2026-04-22,18:50:34,-07:00,2026-04-22T18:50:34-07:00,4,3
index.js,17,js,6c54c051,Kyle Dang,2026-04-22,18:50:34,-07:00,2026-04-22T18:50:34-07:00,2,0
index.js,18,js,6c54c051,Kyle Dang,2026-04-22,18:50:34,-07:00,2026-04-22T18:50:34-07:00,0,0
index.js,19,js,1b24111a,Kyle Dang,2026-04-22,18:39:25,-07:00,2026-04-22T18:39:25-07:00,0,54
index.js,20,js,6c54c051,Kyle Dang,2026-04-22,18:50:34,-07:00,2026-04-22T18:50:34-07:00,0,0
index.html,1,html,9ad37429,Kyle Dang,2026-03-30,10:31:16,-07:00,2026-03-30T10:31:16-07:00,0,13
index.html,2,html,9ad37429,Kyle Dang,2026-03-30,10:31:16,-07:00,2026-03-30T10:31:16-07:00,0,14
index.html,3,html,9ad37429,Kyle Dang,2026-03-30,10:31:16,-07:00,2026-03-30T10:31:16-07:00,0,4
index.html,4,html,9ad37429,Kyle Dang,2026-03-30,10:31:16,-07:00,2026-03-30T10:31:16-07:00,2,20
index.html,5,html,9ad37429,Kyle Dang,2026-03-30,10:31:16,-07:00,2026-03-30T10:31:16-07:00,2,68
index.html,6,html,4fa8be8e,Kyle Dang,2026-05-12,14:51:14,-07:00,2026-05-12T14:51:14-07:00,2,51
index.html,7,html,4fa8be8e,Kyle Dang,2026-05-12,14:51:14,-07:00,2026-05-12T14:51:14-07:00,2,23
index.html,8,html,bf038494,Kyle Dang,2026-04-13,11:57:27,-07:00,2026-04-13T11:57:27-07:00,2,38
index.html,9,html,8334ab70,Kyle Dang,2026-04-13,13:40:58,-07:00,2026-04-13T13:40:58-07:00,2,45
index.html,10,html,1b24111a,Kyle Dang,2026-04-22,18:39:25,-07:00,2026-04-22T18:39:25-07:00,2,50
index.html,11,html,9ad37429,Kyle Dang,2026-03-30,10:31:16,-07:00,2026-03-30T10:31:16-07:00,0,5
index.html,12,html,9ad37429,Kyle Dang,2026-03-30,10:31:16,-07:00,2026-03-30T10:31:16-07:00,0,4
index.html,13,html,11e5679e,Kyle Dang,2026-04-06,20:39:10,-07:00,2026-04-06T20:39:10-07:00,2,16
index.html,14,html,11e5679e,Kyle Dang,2026-04-06,20:39:10,-07:00,2026-04-06T20:39:10-07:00,2,56
index.html,15,html,b373680d,Kyle Dang,2026-04-06,20:47:17,-07:00,2026-04-06T20:47:17-07:00,2,87
index.html,16,html,1b24111a,Kyle Dang,2026-04-22,18:39:25,-07:00,2026-04-22T18:39:25-07:00,2,0
index.html,17,html,1b24111a,Kyle Dang,2026-04-22,18:39:25,-07:00,2026-04-22T18:39:25-07:00,2,22
index.html,18,html,1b24111a,Kyle Dang,2026-04-22,18:39:25,-07:00,2026-04-22T18:39:25-07:00,2,26
index.html,19,html,6c54c051,Kyle Dang,2026-04-22,18:50:34,-07:00,2026-04-22T18:50:34-07:00,2,22
index.html,20,html,6c54c051,Kyle Dang,2026-04-22,18:50:34,-07:00,2026-04-22T18:50:34-07:00,4,19
index.html,21,html,6c54c051,Kyle Dang,2026-04-22,18:50:34,-07:00,2026-04-22T18:50:34-07:00,2,4
index.html,22,html,9ad37429,Kyle Dang,2026-03-30,10:31:16,-07:00,2026-03-30T10:31:16-07:00,0,5
index.html,23,html,9ad37429,Kyle Dang,2026-03-30,10:31:16,-07:00,2026-03-30T10:31:16-07:00,0,5
global.js,1,js,bf038494,Kyle Dang,2026-04-13,11:57:27,-07:00,2026-04-13T11:57:27-07:00,0,25
global.js,2,js,bf038494,Kyle Dang,2026-04-13,11:57:27,-07:00,2026-04-13T11:57:27-07:00,0,0
global.js,3,js,4fa8be8e,Kyle Dang,2026-05-12,14:51:14,-07:00,2026-05-12T14:51:14-07:00,0,41
global.js,4,js,4fa8be8e,Kyle Dang,2026-05-12,14:51:14,-07:00,2026-05-12T14:51:14-07:00,1,52
global.js,5,js,8334ab70,Kyle Dang,2026-04-13,13:40:58,-07:00,2026-04-13T13:40:58-07:00,0,0
global.js,6,js,8334ab70,Kyle Dang,2026-04-13,13:40:58,-07:00,2026-04-13T13:40:58-07:00,0,0
global.js,7,js,8334ab70,Kyle Dang,2026-04-13,13:40:58,-07:00,2026-04-13T13:40:58-07:00,0,27
global.js,8,js,8334ab70,Kyle Dang,2026-04-13,13:40:58,-07:00,2026-04-13T13:40:58-07:00,0,33
global.js,9,js,8334ab70,Kyle Dang,2026-04-13,13:40:58,-07:00,2026-04-13T13:40:58-07:00,0,72
global.js,10,js,8334ab70,Kyle Dang,2026-04-13,13:40:58,-07:00,2026-04-13T13:40:58-07:00,0,3
global.js,11,js,8334ab70,Kyle Dang,2026-04-13,13:40:58,-07:00,2026-04-13T13:40:58-07:00,0,0
global.js,12,js,8334ab70,Kyle Dang,2026-04-13,13:40:58,-07:00,2026-04-13T13:40:58-07:00,0,38
global.js,13,js,8334ab70,Kyle Dang,2026-04-13,13:40:58,-07:00,2026-04-13T13:40:58-07:00,0,19
global.js,14,js,8334ab70,Kyle Dang,2026-04-13,13:40:58,-07:00,2026-04-13T13:40:58-07:00,0,41
global.js,15,js,8334ab70,Kyle Dang,2026-04-13,13:40:58,-07:00,2026-04-13T13:40:58-07:00,0,43
global.js,16,js,8334ab70,Kyle Dang,2026-04-13,13:40:58,-07:00,2026-04-13T13:40:58-07:00,0,2
global.js,17,js,8334ab70,Kyle Dang,2026-04-13,13:40:58,-07:00,2026-04-13T13:40:58-07:00,0,0
global.js,18,js,8334ab70,Kyle Dang,2026-04-13,13:40:58,-07:00,2026-04-13T13:40:58-07:00,0,11
global.js,19,js,4fa8be8e,Kyle Dang,2026-05-12,14:51:14,-07:00,2026-05-12T14:51:14-07:00,1,25
global.js,20,js,4fa8be8e,Kyle Dang,2026-05-12,14:51:14,-07:00,2026-05-12T14:51:14-07:00,1,36
global.js,21,js,4fa8be8e,Kyle Dang,2026-05-12,14:51:14,-07:00,2026-05-12T14:51:14-07:00,1,38
global.js,22,js,4fa8be8e,Kyle Dang,2026-05-12,14:51:14,-07:00,2026-05-12T14:51:14-07:00,1,30
global.js,23,js,4fa8be8e,Kyle Dang,2026-05-12,14:51:14,-07:00,2026-05-12T14:51:14-07:00,1,59
global.js,24,js,4fa8be8e,Kyle Dang,2026-05-12,14:51:14,-07:00,2026-05-12T14:51:14-07:00,1,38
global.js,25,js,4fa8be8e,Kyle Dang,2026-05-12,14:51:14,-07:00,2026-05-12T14:51:14-07:00,0,0
global.js,26,js,4fa8be8e,Kyle Dang,2026-05-12,14:51:14,-07:00,2026-05-12T14:51:14-07:00,0,0
global.js,27,js,4fa8be8e,Kyle Dang,2026-05-12,14:51:14,-07:00,2026-05-12T14:51:14-07:00,0,15
global.js,28,js,4fa8be8e,Kyle Dang,2026-05-12,14:51:14,-07:00,2026-05-12T14:51:14-07:00,1,68
global.js,29,js,072fab80,Kyle Dang,2026-04-15,16:41:22,-07:00,2026-04-15T16:41:22-07:00,2,3
global.js,30,js,4fa8be8e,Kyle Dang,2026-05-12,14:51:14,-07:00,2026-05-12T14:51:14-07:00,2,14
global.js,31,js,072fab80,Kyle Dang,2026-04-15,16:41:22,-07:00,2026-04-15T16:41:22-07:00,0,0
global.js,32,js,4fa8be8e,Kyle Dang,2026-05-12,14:51:14,-07:00,2026-05-12T14:51:14-07:00,0,38
global.js,33,js,8334ab70,Kyle Dang,2026-04-13,13:40:58,-07:00,2026-04-13T13:40:58-07:00,0,25
global.js,34,js,8334ab70,Kyle Dang,2026-04-13,13:40:58,-07:00,2026-04-13T13:40:58-07:00,0,0
global.js,35,js,8334ab70,Kyle Dang,2026-04-13,13:40:58,-07:00,2026-04-13T13:40:58-07:00,0,20
global.js,36,js,4fa8be8e,Kyle Dang,2026-05-12,14:51:14,-07:00,2026-05-12T14:51:14-07:00,1,14
global.js,37,js,4fa8be8e,Kyle Dang,2026-05-12,14:51:14,-07:00,2026-05-12T14:51:14-07:00,1,18
global.js,38,js,4fa8be8e,Kyle Dang,2026-05-12,14:51:14,-07:00,2026-05-12T14:51:14-07:00,1,52
global.js,39,js,95db2cca,Kyle Dang,2026-04-15,16:54:06,-07:00,2026-04-15T16:54:06-07:00,0,0
global.js,40,js,4fa8be8e,Kyle Dang,2026-05-12,14:51:14,-07:00,2026-05-12T14:51:14-07:00,1,34
global.js,41,js,4fa8be8e,Kyle Dang,2026-05-12,14:51:14,-07:00,2026-05-12T14:51:14-07:00,1,11
global.js,42,js,4fa8be8e,Kyle Dang,2026-05-12,14:51:14,-07:00,2026-05-12T14:51:14-07:00,1,20
global.js,43,js,4fa8be8e,Kyle Dang,2026-05-12,14:51:14,-07:00,2026-05-12T14:51:14-07:00,0,0
global.js,44,js,4fa8be8e,Kyle Dang,2026-05-12,14:51:14,-07:00,2026-05-12T14:51:14-07:00,1,65
global.js,45,js,4fa8be8e,Kyle Dang,2026-05-12,14:51:14,-07:00,2026-05-12T14:51:14-07:00,2,25
global.js,46,js,4fa8be8e,Kyle Dang,2026-05-12,14:51:14,-07:00,2026-05-12T14:51:14-07:00,1,0
global.js,47,js,4fa8be8e,Kyle Dang,2026-05-12,14:51:14,-07:00,2026-05-12T14:51:14-07:00,0,0
global.js,48,js,4fa8be8e,Kyle Dang,2026-05-12,14:51:14,-07:00,2026-05-12T14:51:14-07:00,1,29
global.js,49,js,4fa8be8e,Kyle Dang,2026-05-12,14:51:14,-07:00,2026-05-12T14:51:14-07:00,2,18
global.js,50,js,4fa8be8e,Kyle Dang,2026-05-12,14:51:14,-07:00,2026-05-12T14:51:14-07:00,1,0
global.js,51,js,95db2cca,Kyle Dang,2026-04-15,16:54:06,-07:00,2026-04-15T16:54:06-07:00,0,0
global.js,52,js,4fa8be8e,Kyle Dang,2026-05-12,14:51:14,-07:00,2026-05-12T14:51:14-07:00,1,12
global.js,53,js,81932a89,Kyle Dang,2026-04-13,13:48:50,-07:00,2026-04-13T13:48:50-07:00,0,0
global.js,54,js,82516158,Kyle Dang,2026-04-15,17:13:12,-07:00,2026-04-15T17:13:12-07:00,0,0
global.js,55,js,82516158,Kyle Dang,2026-04-15,17:13:12,-07:00,2026-04-15T17:13:12-07:00,0,31
global.js,56,js,4fa8be8e,Kyle Dang,2026-05-12,14:51:14,-07:00,2026-05-12T14:51:14-07:00,1,11
global.js,57,js,4fa8be8e,Kyle Dang,2026-05-12,14:51:14,-07:00,2026-05-12T14:51:14-07:00,1,27
global.js,58,js,82516158,Kyle Dang,2026-04-15,17:13:12,-07:00,2026-04-15T17:13:12-07:00,4,4
global.js,59,js,82516158,Kyle Dang,2026-04-15,17:13:12,-07:00,2026-04-15T17:13:12-07:00,4,6
global.js,60,js,82516158,Kyle Dang,2026-04-15,17:13:12,-07:00,2026-04-15T17:13:12-07:00,6,43
global.js,61,js,82516158,Kyle Dang,2026-04-15,17:13:12,-07:00,2026-04-15T17:13:12-07:00,6,34
global.js,62,js,82516158,Kyle Dang,2026-04-15,17:13:12,-07:00,2026-04-15T17:13:12-07:00,6,32
global.js,63,js,82516158,Kyle Dang,2026-04-15,17:13:12,-07:00,2026-04-15T17:13:12-07:00,4,7
global.js,64,js,4fa8be8e,Kyle Dang,2026-05-12,14:51:14,-07:00,2026-05-12T14:51:14-07:00,2,8
global.js,65,js,4fa8be8e,Kyle Dang,2026-05-12,14:51:14,-07:00,2026-05-12T14:51:14-07:00,0,0
global.js,66,js,82516158,Kyle Dang,2026-04-15,17:13:12,-07:00,2026-04-15T17:13:12-07:00,0,0
global.js,67,js,4fa8be8e,Kyle Dang,2026-05-12,14:51:14,-07:00,2026-05-12T14:51:14-07:00,0,58
global.js,68,js,4fa8be8e,Kyle Dang,2026-05-12,14:51:14,-07:00,2026-05-12T14:51:14-07:00,0,31
global.js,69,js,4fa8be8e,Kyle Dang,2026-05-12,14:51:14,-07:00,2026-05-12T14:51:14-07:00,1,65
global.js,70,js,4fa8be8e,Kyle Dang,2026-05-12,14:51:14,-07:00,2026-05-12T14:51:14-07:00,1,20
global.js,71,js,ddfe8df0,Kyle Dang,2026-04-15,17:36:47,-07:00,2026-04-15T17:36:47-07:00,0,0
global.js,72,js,4fa8be8e,Kyle Dang,2026-05-12,14:51:14,-07:00,2026-05-12T14:51:14-07:00,0,34
global.js,73,js,4fa8be8e,Kyle Dang,2026-05-12,14:51:14,-07:00,2026-05-12T14:51:14-07:00,1,39
global.js,74,js,ddfe8df0,Kyle Dang,2026-04-15,17:36:47,-07:00,2026-04-15T17:36:47-07:00,0,6
global.js,75,js,4fa8be8e,Kyle Dang,2026-05-12,14:51:14,-07:00,2026-05-12T14:51:14-07:00,1,27
global.js,76,js,82516158,Kyle Dang,2026-04-15,17:13:12,-07:00,2026-04-15T17:13:12-07:00,0,0
global.js,77,js,4fa8be8e,Kyle Dang,2026-05-12,14:51:14,-07:00,2026-05-12T14:51:14-07:00,0,49
global.js,78,js,4fa8be8e,Kyle Dang,2026-05-12,14:51:14,-07:00,2026-05-12T14:51:14-07:00,1,44
global.js,79,js,4fa8be8e,Kyle Dang,2026-05-12,14:51:14,-07:00,2026-05-12T14:51:14-07:00,1,33
global.js,80,js,65c06aff,Kyle Dang,2026-04-15,17:21:17,-07:00,2026-04-15T17:21:17-07:00,0,1
global.js,81,js,65c06aff,Kyle Dang,2026-04-15,17:21:17,-07:00,2026-04-15T17:21:17-07:00,0,0
global.js,82,js,4fa8be8e,Kyle Dang,2026-05-12,14:51:14,-07:00,2026-05-12T14:51:14-07:00,0,40
global.js,83,js,4fa8be8e,Kyle Dang,2026-05-12,14:51:14,-07:00,2026-05-12T14:51:14-07:00,0,49
global.js,84,js,4fa8be8e,Kyle Dang,2026-05-12,14:51:14,-07:00,2026-05-12T14:51:14-07:00,1,21
global.js,85,js,4fa8be8e,Kyle Dang,2026-05-12,14:51:14,-07:00,2026-05-12T14:51:14-07:00,1,28
global.js,86,js,4fa8be8e,Kyle Dang,2026-05-12,14:51:14,-07:00,2026-05-12T14:51:14-07:00,1,26
global.js,87,js,4fa8be8e,Kyle Dang,2026-05-12,14:51:14,-07:00,2026-05-12T14:51:14-07:00,1,31
global.js,88,js,4fa8be8e,Kyle Dang,2026-05-12,14:51:14,-07:00,2026-05-12T14:51:14-07:00,2,45
global.js,89,js,4fa8be8e,Kyle Dang,2026-05-12,14:51:14,-07:00,2026-05-12T14:51:14-07:00,1,0
global.js,90,js,4fa8be8e,Kyle Dang,2026-05-12,14:51:14,-07:00,2026-05-12T14:51:14-07:00,1,18
global.js,91,js,35d735db,Kyle Dang,2026-04-22,17:27:16,-07:00,2026-04-22T17:27:16-07:00,0,1
global.js,92,js,35d735db,Kyle Dang,2026-04-22,17:27:16,-07:00,2026-04-22T17:27:16-07:00,0,0
global.js,93,js,35d735db,Kyle Dang,2026-04-22,17:27:16,-07:00,2026-04-22T17:27:16-07:00,0,36
global.js,94,js,35d735db,Kyle Dang,2026-04-22,17:27:16,-07:00,2026-04-22T17:27:16-07:00,1,3
global.js,95,js,35d735db,Kyle Dang,2026-04-22,17:27:16,-07:00,2026-04-22T17:27:16-07:00,2,39
global.js,96,js,35d735db,Kyle Dang,2026-04-22,17:27:16,-07:00,2026-04-22T17:27:16-07:00,2,32
global.js,97,js,35d735db,Kyle Dang,2026-04-22,17:27:16,-07:00,2026-04-22T17:27:16-07:00,2,17
global.js,98,js,4fa8be8e,Kyle Dang,2026-05-12,14:51:14,-07:00,2026-05-12T14:51:14-07:00,3,66
global.js,99,js,35d735db,Kyle Dang,2026-04-22,17:27:16,-07:00,2026-04-22T17:27:16-07:00,2,0
global.js,100,js,2995d064,Kyle Dang,2026-04-22,17:50:03,-07:00,2026-04-22T17:50:03-07:00,2,33
global.js,101,js,2995d064,Kyle Dang,2026-04-22,17:50:03,-07:00,2026-04-22T17:50:03-07:00,2,10
global.js,102,js,35d735db,Kyle Dang,2026-04-22,17:27:16,-07:00,2026-04-22T17:27:16-07:00,1,15
global.js,103,js,4fa8be8e,Kyle Dang,2026-05-12,14:51:14,-07:00,2026-05-12T14:51:14-07:00,2,59
global.js,104,js,35d735db,Kyle Dang,2026-04-22,17:27:16,-07:00,2026-04-22T17:27:16-07:00,1,0
global.js,105,js,2995d064,Kyle Dang,2026-04-22,17:50:03,-07:00,2026-04-22T17:50:03-07:00,0,0
global.js,106,js,2995d064,Kyle Dang,2026-04-22,17:50:03,-07:00,2026-04-22T17:50:03-07:00,0,0
global.js,107,js,4fa8be8e,Kyle Dang,2026-05-12,14:51:14,-07:00,2026-05-12T14:51:14-07:00,0,29
global.js,108,js,4fa8be8e,Kyle Dang,2026-05-12,14:51:14,-07:00,2026-05-12T14:51:14-07:00,1,7
global.js,109,js,4fa8be8e,Kyle Dang,2026-05-12,14:51:14,-07:00,2026-05-12T14:51:14-07:00,1,15
global.js,110,js,4fa8be8e,Kyle Dang,2026-05-12,14:51:14,-07:00,2026-05-12T14:51:14-07:00,1,18
global.js,111,js,4fa8be8e,Kyle Dang,2026-05-12,14:51:14,-07:00,2026-05-12T14:51:14-07:00,0,1
global.js,112,js,4fa8be8e,Kyle Dang,2026-05-12,14:51:14,-07:00,2026-05-12T14:51:14-07:00,1,30
global.js,113,js,4fa8be8e,Kyle Dang,2026-05-12,14:51:14,-07:00,2026-05-12T14:51:14-07:00,1,29
global.js,114,js,4fa8be8e,Kyle Dang,2026-05-12,14:51:14,-07:00,2026-05-12T14:51:14-07:00,2,48
global.js,115,js,4fa8be8e,Kyle Dang,2026-05-12,14:51:14,-07:00,2026-05-12T14:51:14-07:00,2,19
global.js,116,js,2995d064,Kyle Dang,2026-04-22,17:50:03,-07:00,2026-04-22T17:50:03-07:00,6,49
global.js,117,js,2995d064,Kyle Dang,2026-04-22,17:50:03,-07:00,2026-04-22T17:50:03-07:00,6,52
global.js,118,js,7e73bead,Kyle Dang,2026-04-27,21:35:04,-07:00,2026-04-27T21:35:04-07:00,6,3
global.js,119,js,7e73bead,Kyle Dang,2026-04-27,21:35:04,-07:00,2026-04-27T21:35:04-07:00,8,27
global.js,120,js,7f221bc8,Kyle Dang,2026-05-12,15:01:38,-07:00,2026-05-12T15:01:38-07:00,8,26
global.js,121,js,7f221bc8,Kyle Dang,2026-05-12,15:01:38,-07:00,2026-05-12T15:01:38-07:00,10,20
global.js,122,js,7f221bc8,Kyle Dang,2026-05-12,15:01:38,-07:00,2026-05-12T15:01:38-07:00,10,79
global.js,123,js,7f221bc8,Kyle Dang,2026-05-12,15:01:38,-07:00,2026-05-12T15:01:38-07:00,8,4
global.js,124,js,b30e8a79,Kyle Dang,2026-04-27,19:56:58,-07:00,2026-04-27T19:56:58-07:00,6,4
global.js,125,js,2995d064,Kyle Dang,2026-04-22,17:50:03,-07:00,2026-04-22T17:50:03-07:00,4,0
global.js,126,js,4fa8be8e,Kyle Dang,2026-05-12,14:51:14,-07:00,2026-05-12T14:51:14-07:00,2,36
global.js,127,js,4fa8be8e,Kyle Dang,2026-05-12,14:51:14,-07:00,2026-05-12T14:51:14-07:00,1,0
global.js,128,js,6c54c051,Kyle Dang,2026-04-22,18:50:34,-07:00,2026-04-22T18:50:34-07:00,0,0
global.js,129,js,6c54c051,Kyle Dang,2026-04-22,18:50:34,-07:00,2026-04-22T18:50:34-07:00,0,0
global.js,130,js,6c54c051,Kyle Dang,2026-04-22,18:50:34,-07:00,2026-04-22T18:50:34-07:00,0,47
global.js,131,js,4fa8be8e,Kyle Dang,2026-05-12,14:51:14,-07:00,2026-05-12T14:51:14-07:00,1,59
global.js,132,js,4fa8be8e,Kyle Dang,2026-05-12,14:51:14,-07:00,2026-05-12T14:51:14-07:00,0,0
projects\projects.js,1,js,89ea511d,Kyle Dang,2026-04-22,17:52:17,-07:00,2026-04-22T17:52:17-07:00,0,55
projects\projects.js,2,js,5ed7435f,Kyle Dang,2026-04-29,15:59:14,-07:00,2026-04-29T15:59:14-07:00,0,63
projects\projects.js,3,js,a58d6647,Kyle Dang,2026-04-29,16:21:22,-07:00,2026-04-29T16:21:22-07:00,0,0
projects\projects.js,4,js,2995d064,Kyle Dang,2026-04-22,17:50:03,-07:00,2026-04-22T17:50:03-07:00,0,55
projects\projects.js,5,js,2995d064,Kyle Dang,2026-04-22,17:50:03,-07:00,2026-04-22T17:50:03-07:00,0,60
projects\projects.js,6,js,ab1467c7,Kyle Dang,2026-04-22,18:20:44,-07:00,2026-04-22T18:20:44-07:00,0,62
projects\projects.js,7,js,ab1467c7,Kyle Dang,2026-04-22,18:20:44,-07:00,2026-04-22T18:20:44-07:00,0,58
projects\projects.js,8,js,3765e209,Kyle Dang,2026-04-29,15:49:07,-07:00,2026-04-29T15:49:07-07:00,0,48
projects\projects.js,9,js,3765e209,Kyle Dang,2026-04-29,15:49:07,-07:00,2026-04-29T15:49:07-07:00,0,0
projects\projects.js,10,js,3765e209,Kyle Dang,2026-04-29,15:49:07,-07:00,2026-04-29T15:49:07-07:00,0,57
projects\projects.js,11,js,a58d6647,Kyle Dang,2026-04-29,16:21:22,-07:00,2026-04-29T16:21:22-07:00,0,47
projects\projects.js,12,js,1b9832d0,Kyle Dang,2026-04-29,18:40:34,-07:00,2026-04-29T18:40:34-07:00,0,13
projects\projects.js,13,js,68680de7,Kyle Dang,2026-04-29,18:57:56,-07:00,2026-04-29T18:57:56-07:00,0,21
projects\projects.js,14,js,ee5f7a0a,Kyle Dang,2026-04-29,19:10:52,-07:00,2026-04-29T19:10:52-07:00,0,12
projects\projects.js,15,js,5ed7435f,Kyle Dang,2026-04-29,15:59:14,-07:00,2026-04-29T15:59:14-07:00,0,0
projects\projects.js,16,js,1b9832d0,Kyle Dang,2026-04-29,18:40:34,-07:00,2026-04-29T18:40:34-07:00,0,38
projects\projects.js,17,js,1b9832d0,Kyle Dang,2026-04-29,18:40:34,-07:00,2026-04-29T18:40:34-07:00,2,26
projects\projects.js,18,js,68680de7,Kyle Dang,2026-04-29,18:57:56,-07:00,2026-04-29T18:57:56-07:00,4,12
projects\projects.js,19,js,1b9832d0,Kyle Dang,2026-04-29,18:40:34,-07:00,2026-04-29T18:40:34-07:00,4,14
projects\projects.js,20,js,1b9832d0,Kyle Dang,2026-04-29,18:40:34,-07:00,2026-04-29T18:40:34-07:00,4,12
projects\projects.js,21,js,1b9832d0,Kyle Dang,2026-04-29,18:40:34,-07:00,2026-04-29T18:40:34-07:00,2,0
projects\projects.js,22,js,ee5f7a0a,Kyle Dang,2026-04-29,19:10:52,-07:00,2026-04-29T19:10:52-07:00,2,40
projects\projects.js,23,js,1b9832d0,Kyle Dang,2026-04-29,18:40:34,-07:00,2026-04-29T18:40:34-07:00,4,34
projects\projects.js,24,js,1b9832d0,Kyle Dang,2026-04-29,18:40:34,-07:00,2026-04-29T18:40:34-07:00,2,1
projects\projects.js,25,js,1b9832d0,Kyle Dang,2026-04-29,18:40:34,-07:00,2026-04-29T18:40:34-07:00,0,0
projects\projects.js,26,js,1b9832d0,Kyle Dang,2026-04-29,18:40:34,-07:00,2026-04-29T18:40:34-07:00,2,56
projects\projects.js,27,js,1b9832d0,Kyle Dang,2026-04-29,18:40:34,-07:00,2026-04-29T18:40:34-07:00,2,43
projects\projects.js,28,js,1b9832d0,Kyle Dang,2026-04-29,18:40:34,-07:00,2026-04-29T18:40:34-07:00,0,0
projects\projects.js,29,js,1b9832d0,Kyle Dang,2026-04-29,18:40:34,-07:00,2026-04-29T18:40:34-07:00,2,50
projects\projects.js,30,js,68680de7,Kyle Dang,2026-04-29,18:57:56,-07:00,2026-04-29T18:57:56-07:00,2,33
projects\projects.js,31,js,1b9832d0,Kyle Dang,2026-04-29,18:40:34,-07:00,2026-04-29T18:40:34-07:00,2,45
projects\projects.js,32,js,1b9832d0,Kyle Dang,2026-04-29,18:40:34,-07:00,2026-04-29T18:40:34-07:00,2,26
projects\projects.js,33,js,1b9832d0,Kyle Dang,2026-04-29,18:40:34,-07:00,2026-04-29T18:40:34-07:00,4,29
projects\projects.js,34,js,1b9832d0,Kyle Dang,2026-04-29,18:40:34,-07:00,2026-04-29T18:40:34-07:00,6,13
projects\projects.js,35,js,1b9832d0,Kyle Dang,2026-04-29,18:40:34,-07:00,2026-04-29T18:40:34-07:00,6,13
projects\projects.js,36,js,68680de7,Kyle Dang,2026-04-29,18:57:56,-07:00,2026-04-29T18:57:56-07:00,6,24
projects\projects.js,37,js,68680de7,Kyle Dang,2026-04-29,18:57:56,-07:00,2026-04-29T18:57:56-07:00,6,18
projects\projects.js,38,js,68680de7,Kyle Dang,2026-04-29,18:57:56,-07:00,2026-04-29T18:57:56-07:00,8,47
projects\projects.js,39,js,68680de7,Kyle Dang,2026-04-29,18:57:56,-07:00,2026-04-29T18:57:56-07:00,8,29
projects\projects.js,40,js,68680de7,Kyle Dang,2026-04-29,18:57:56,-07:00,2026-04-29T18:57:56-07:00,10,16
projects\projects.js,41,js,68680de7,Kyle Dang,2026-04-29,18:57:56,-07:00,2026-04-29T18:57:56-07:00,10,62
projects\projects.js,42,js,68680de7,Kyle Dang,2026-04-29,18:57:56,-07:00,2026-04-29T18:57:56-07:00,8,18
projects\projects.js,43,js,68680de7,Kyle Dang,2026-04-29,18:57:56,-07:00,2026-04-29T18:57:56-07:00,10,14
projects\projects.js,44,js,68680de7,Kyle Dang,2026-04-29,18:57:56,-07:00,2026-04-29T18:57:56-07:00,10,85
projects\projects.js,45,js,ee5f7a0a,Kyle Dang,2026-04-29,19:10:52,-07:00,2026-04-29T19:10:52-07:00,8,61
projects\projects.js,46,js,ee5f7a0a,Kyle Dang,2026-04-29,19:10:52,-07:00,2026-04-29T19:10:52-07:00,4,1
projects\projects.js,47,js,1b9832d0,Kyle Dang,2026-04-29,18:40:34,-07:00,2026-04-29T18:40:34-07:00,2,1
projects\projects.js,48,js,1b9832d0,Kyle Dang,2026-04-29,18:40:34,-07:00,2026-04-29T18:40:34-07:00,2,32
projects\projects.js,49,js,1b9832d0,Kyle Dang,2026-04-29,18:40:34,-07:00,2026-04-29T18:40:34-07:00,2,24
projects\projects.js,50,js,1b9832d0,Kyle Dang,2026-04-29,18:40:34,-07:00,2026-04-29T18:40:34-07:00,4,4
projects\projects.js,51,js,1b9832d0,Kyle Dang,2026-04-29,18:40:34,-07:00,2026-04-29T18:40:34-07:00,6,11
projects\projects.js,52,js,1b9832d0,Kyle Dang,2026-04-29,18:40:34,-07:00,2026-04-29T18:40:34-07:00,6,38
projects\projects.js,53,js,1b9832d0,Kyle Dang,2026-04-29,18:40:34,-07:00,2026-04-29T18:40:34-07:00,6,27
projects\projects.js,54,js,1b9832d0,Kyle Dang,2026-04-29,18:40:34,-07:00,2026-04-29T18:40:34-07:00,6,69
projects\projects.js,55,js,1b9832d0,Kyle Dang,2026-04-29,18:40:34,-07:00,2026-04-29T18:40:34-07:00,2,1
projects\projects.js,56,js,1b9832d0,Kyle Dang,2026-04-29,18:40:34,-07:00,2026-04-29T18:40:34-07:00,0,0
projects\projects.js,57,js,1b9832d0,Kyle Dang,2026-04-29,18:40:34,-07:00,2026-04-29T18:40:34-07:00,0,0
projects\projects.js,58,js,1b9832d0,Kyle Dang,2026-04-29,18:40:34,-07:00,2026-04-29T18:40:34-07:00,0,23
projects\projects.js,59,js,1b9832d0,Kyle Dang,2026-04-29,18:40:34,-07:00,2026-04-29T18:40:34-07:00,0,48
projects\projects.js,60,js,0349e390,Kyle Dang,2026-04-29,18:33:23,-07:00,2026-04-29T18:33:23-07:00,0,0
projects\projects.js,61,js,0349e390,Kyle Dang,2026-04-29,18:33:23,-07:00,2026-04-29T18:33:23-07:00,0,53
projects\projects.js,62,js,1b9832d0,Kyle Dang,2026-04-29,18:40:34,-07:00,2026-04-29T18:40:34-07:00,0,48
projects\projects.js,63,js,0349e390,Kyle Dang,2026-04-29,18:33:23,-07:00,2026-04-29T18:33:23-07:00,2,25
projects\projects.js,64,js,ee5f7a0a,Kyle Dang,2026-04-29,19:10:52,-07:00,2026-04-29T19:10:52-07:00,2,43
projects\projects.js,65,js,0349e390,Kyle Dang,2026-04-29,18:33:23,-07:00,2026-04-29T18:33:23-07:00,2,56
projects\projects.js,66,js,4c143b5f,Kyle Dang,2026-04-29,19:15:25,-07:00,2026-04-29T19:15:25-07:00,2,25
projects\projects.js,67,js,4c143b5f,Kyle Dang,2026-04-29,19:15:25,-07:00,2026-04-29T19:15:25-07:00,4,36
projects\projects.js,68,js,4c143b5f,Kyle Dang,2026-04-29,19:15:25,-07:00,2026-04-29T19:15:25-07:00,2,0
projects\projects.js,69,js,68680de7,Kyle Dang,2026-04-29,18:57:56,-07:00,2026-04-29T18:57:56-07:00,0,1
projects\projects.js,70,js,c22b7cca,Kyle Dang,2026-04-29,19:04:16,-07:00,2026-04-29T19:04:16-07:00,0,0
projects\projects.js,71,js,c22b7cca,Kyle Dang,2026-04-29,19:04:16,-07:00,2026-04-29T19:04:16-07:00,0,30
projects\projects.js,72,js,c22b7cca,Kyle Dang,2026-04-29,19:04:16,-07:00,2026-04-29T19:04:16-07:00,2,35
projects\projects.js,73,js,c22b7cca,Kyle Dang,2026-04-29,19:04:16,-07:00,2026-04-29T19:04:16-07:00,4,59
projects\projects.js,74,js,ee5f7a0a,Kyle Dang,2026-04-29,19:10:52,-07:00,2026-04-29T19:10:52-07:00,4,54
projects\projects.js,75,js,ee5f7a0a,Kyle Dang,2026-04-29,19:10:52,-07:00,2026-04-29T19:10:52-07:00,4,84
projects\projects.js,76,js,c22b7cca,Kyle Dang,2026-04-29,19:04:16,-07:00,2026-04-29T19:04:16-07:00,4,33
projects\projects.js,77,js,c22b7cca,Kyle Dang,2026-04-29,19:04:16,-07:00,2026-04-29T19:04:16-07:00,2,0
projects\projects.js,78,js,c22b7cca,Kyle Dang,2026-04-29,19:04:16,-07:00,2026-04-29T19:04:16-07:00,0,0
projects\index.html,1,html,3832b5c4,Kyle Dang,2026-03-30,11:14:05,-07:00,2026-03-30T11:14:05-07:00,0,13
projects\index.html,2,html,3832b5c4,Kyle Dang,2026-03-30,11:14:05,-07:00,2026-03-30T11:14:05-07:00,0,14
projects\index.html,3,html,3832b5c4,Kyle Dang,2026-03-30,11:14:05,-07:00,2026-03-30T11:14:05-07:00,0,4
projects\index.html,4,html,3832b5c4,Kyle Dang,2026-03-30,11:14:05,-07:00,2026-03-30T11:14:05-07:00,2,20
projects\index.html,5,html,3832b5c4,Kyle Dang,2026-03-30,11:14:05,-07:00,2026-03-30T11:14:05-07:00,2,68
projects\index.html,6,html,3832b5c4,Kyle Dang,2026-03-30,11:14:05,-07:00,2026-03-30T11:14:05-07:00,2,36
projects\index.html,7,html,91f9010f,Kyle Dang,2026-04-22,18:05:53,-07:00,2026-04-22T18:05:53-07:00,2,41
projects\index.html,8,html,2995d064,Kyle Dang,2026-04-22,17:50:03,-07:00,2026-04-22T17:50:03-07:00,2,48
projects\index.html,9,html,f0180d60,Kyle Dang,2026-04-22,17:56:43,-07:00,2026-04-22T17:56:43-07:00,2,49
projects\index.html,10,html,3832b5c4,Kyle Dang,2026-03-30,11:14:05,-07:00,2026-03-30T11:14:05-07:00,0,5
projects\index.html,11,html,3832b5c4,Kyle Dang,2026-03-30,11:14:05,-07:00,2026-03-30T11:14:05-07:00,0,4
projects\index.html,12,html,ab1467c7,Kyle Dang,2026-04-22,18:20:44,-07:00,2026-04-22T18:20:44-07:00,2,38
projects\index.html,13,html,487d37f4,Kyle Dang,2026-04-29,18:05:51,-07:00,2026-04-29T18:05:51-07:00,2,21
projects\index.html,14,html,487d37f4,Kyle Dang,2026-04-29,18:05:51,-07:00,2026-04-29T18:05:51-07:00,4,58
projects\index.html,15,html,487d37f4,Kyle Dang,2026-04-29,18:05:51,-07:00,2026-04-29T18:05:51-07:00,4,22
projects\index.html,16,html,487d37f4,Kyle Dang,2026-04-29,18:05:51,-07:00,2026-04-29T18:05:51-07:00,2,4
projects\index.html,17,html,0349e390,Kyle Dang,2026-04-29,18:33:23,-07:00,2026-04-29T18:33:23-07:00,2,4
projects\index.html,18,html,0349e390,Kyle Dang,2026-04-29,18:33:23,-07:00,2026-04-29T18:33:23-07:00,6,15
projects\index.html,19,html,0349e390,Kyle Dang,2026-04-29,18:33:23,-07:00,2026-04-29T18:33:23-07:00,6,11
projects\index.html,20,html,0349e390,Kyle Dang,2026-04-29,18:33:23,-07:00,2026-04-29T18:33:23-07:00,6,26
projects\index.html,21,html,0349e390,Kyle Dang,2026-04-29,18:33:23,-07:00,2026-04-29T18:33:23-07:00,6,32
projects\index.html,22,html,0349e390,Kyle Dang,2026-04-29,18:33:23,-07:00,2026-04-29T18:33:23-07:00,4,0
projects\index.html,23,html,3683abf6,Kyle Dang,2026-04-29,15:11:20,-07:00,2026-04-29T15:11:20-07:00,2,26
projects\index.html,24,html,3832b5c4,Kyle Dang,2026-03-30,11:14:05,-07:00,2026-03-30T11:14:05-07:00,0,5
projects\index.html,25,html,3832b5c4,Kyle Dang,2026-03-30,11:14:05,-07:00,2026-03-30T11:14:05-07:00,0,5
meta\main.js,1,js,66a0407f,Kyle Dang,2026-05-12,15:12:37,-07:00,2026-05-12T15:12:37-07:00,0,80
meta\main.js,2,js,66a0407f,Kyle Dang,2026-05-12,15:12:37,-07:00,2026-05-12T15:12:37-07:00,0,0
meta\main.js,3,js,4fa8be8e,Kyle Dang,2026-05-12,14:51:14,-07:00,2026-05-12T14:51:14-07:00,0,63
meta\main.js,4,js,7973ddb7,Kyle Dang,2026-05-06,22:54:14,-07:00,2026-05-06T22:54:14-07:00,0,17
meta\main.js,5,js,fc92687b,Kyle Dang,2026-05-06,09:10:19,-07:00,2026-05-06T09:10:19-07:00,0,25
meta\main.js,6,js,4fa8be8e,Kyle Dang,2026-05-12,14:51:14,-07:00,2026-05-12T14:51:14-07:00,1,46
meta\main.js,7,js,4fa8be8e,Kyle Dang,2026-05-12,14:51:14,-07:00,2026-05-12T14:51:14-07:00,2,5
meta\main.js,8,js,4fa8be8e,Kyle Dang,2026-05-12,14:51:14,-07:00,2026-05-12T14:51:14-07:00,2,21
meta\main.js,9,js,4fa8be8e,Kyle Dang,2026-05-12,14:51:14,-07:00,2026-05-12T14:51:14-07:00,2,23
meta\main.js,10,js,4fa8be8e,Kyle Dang,2026-05-12,14:51:14,-07:00,2026-05-12T14:51:14-07:00,2,25
meta\main.js,11,js,4fa8be8e,Kyle Dang,2026-05-12,14:51:14,-07:00,2026-05-12T14:51:14-07:00,2,49
meta\main.js,12,js,4fa8be8e,Kyle Dang,2026-05-12,14:51:14,-07:00,2026-05-12T14:51:14-07:00,2,31
meta\main.js,13,js,4fa8be8e,Kyle Dang,2026-05-12,14:51:14,-07:00,2026-05-12T14:51:14-07:00,1,2
meta\main.js,14,js,4fa8be8e,Kyle Dang,2026-05-12,14:51:14,-07:00,2026-05-12T14:51:14-07:00,1,10
meta\main.js,15,js,fc92687b,Kyle Dang,2026-05-06,09:10:19,-07:00,2026-05-06T09:10:19-07:00,0,0
meta\main.js,16,js,fc92687b,Kyle Dang,2026-05-06,09:10:19,-07:00,2026-05-06T09:10:19-07:00,0,0
meta\main.js,17,js,002028a6,Kyle Dang,2026-05-06,09:28:57,-07:00,2026-05-06T09:28:57-07:00,0,29
meta\main.js,18,js,4fa8be8e,Kyle Dang,2026-05-12,14:51:14,-07:00,2026-05-12T14:51:14-07:00,1,7
meta\main.js,19,js,4fa8be8e,Kyle Dang,2026-05-12,14:51:14,-07:00,2026-05-12T14:51:14-07:00,2,28
meta\main.js,20,js,4fa8be8e,Kyle Dang,2026-05-12,14:51:14,-07:00,2026-05-12T14:51:14-07:00,2,25
meta\main.js,21,js,4fa8be8e,Kyle Dang,2026-05-12,14:51:14,-07:00,2026-05-12T14:51:14-07:00,3,19
meta\main.js,22,js,4fa8be8e,Kyle Dang,2026-05-12,14:51:14,-07:00,2026-05-12T14:51:14-07:00,3,53
meta\main.js,23,js,4fa8be8e,Kyle Dang,2026-05-12,14:51:14,-07:00,2026-05-12T14:51:14-07:00,3,9
meta\main.js,24,js,4fa8be8e,Kyle Dang,2026-05-12,14:51:14,-07:00,2026-05-12T14:51:14-07:00,4,9
meta\main.js,25,js,4fa8be8e,Kyle Dang,2026-05-12,14:51:14,-07:00,2026-05-12T14:51:14-07:00,4,64
meta\main.js,26,js,4fa8be8e,Kyle Dang,2026-05-12,14:51:14,-07:00,2026-05-12T14:51:14-07:00,4,5
meta\main.js,27,js,4fa8be8e,Kyle Dang,2026-05-12,14:51:14,-07:00,2026-05-12T14:51:14-07:00,4,3
meta\main.js,28,js,4fa8be8e,Kyle Dang,2026-05-12,14:51:14,-07:00,2026-05-12T14:51:14-07:00,4,3
meta\main.js,29,js,4fa8be8e,Kyle Dang,2026-05-12,14:51:14,-07:00,2026-05-12T14:51:14-07:00,4,7
meta\main.js,30,js,4fa8be8e,Kyle Dang,2026-05-12,14:51:14,-07:00,2026-05-12T14:51:14-07:00,4,7
meta\main.js,31,js,4fa8be8e,Kyle Dang,2026-05-12,14:51:14,-07:00,2026-05-12T14:51:14-07:00,4,57
meta\main.js,32,js,4fa8be8e,Kyle Dang,2026-05-12,14:51:14,-07:00,2026-05-12T14:51:14-07:00,4,23
meta\main.js,33,js,4fa8be8e,Kyle Dang,2026-05-12,14:51:14,-07:00,2026-05-12T14:51:14-07:00,3,0
meta\main.js,34,js,4fa8be8e,Kyle Dang,2026-05-12,14:51:14,-07:00,2026-05-12T14:51:14-07:00,3,35
meta\main.js,35,js,4fa8be8e,Kyle Dang,2026-05-12,14:51:14,-07:00,2026-05-12T14:51:14-07:00,4,11
meta\main.js,36,js,4fa8be8e,Kyle Dang,2026-05-12,14:51:14,-07:00,2026-05-12T14:51:14-07:00,4,14
meta\main.js,37,js,4fa8be8e,Kyle Dang,2026-05-12,14:51:14,-07:00,2026-05-12T14:51:14-07:00,4,18
meta\main.js,38,js,4fa8be8e,Kyle Dang,2026-05-12,14:51:14,-07:00,2026-05-12T14:51:14-07:00,4,16
meta\main.js,39,js,4fa8be8e,Kyle Dang,2026-05-12,14:51:14,-07:00,2026-05-12T14:51:14-07:00,3,1
meta\main.js,40,js,4fa8be8e,Kyle Dang,2026-05-12,14:51:14,-07:00,2026-05-12T14:51:14-07:00,3,9
meta\main.js,41,js,4fa8be8e,Kyle Dang,2026-05-12,14:51:14,-07:00,2026-05-12T14:51:14-07:00,2,1
meta\main.js,42,js,002028a6,Kyle Dang,2026-05-06,09:28:57,-07:00,2026-05-06T09:28:57-07:00,0,0
meta\main.js,43,js,002028a6,Kyle Dang,2026-05-06,09:28:57,-07:00,2026-05-06T09:28:57-07:00,0,0
meta\main.js,44,js,e46d050d,Kyle Dang,2026-05-06,18:18:03,-07:00,2026-05-06T18:18:03-07:00,0,40
meta\main.js,45,js,4fa8be8e,Kyle Dang,2026-05-12,14:51:14,-07:00,2026-05-12T14:51:14-07:00,1,65
meta\main.js,46,js,4fa8be8e,Kyle Dang,2026-05-12,14:51:14,-07:00,2026-05-12T14:51:14-07:00,1,67
meta\main.js,47,js,4fa8be8e,Kyle Dang,2026-05-12,14:51:14,-07:00,2026-05-12T14:51:14-07:00,1,32
meta\main.js,48,js,4fa8be8e,Kyle Dang,2026-05-12,14:51:14,-07:00,2026-05-12T14:51:14-07:00,1,36
meta\main.js,49,js,4fa8be8e,Kyle Dang,2026-05-12,14:51:14,-07:00,2026-05-12T14:51:14-07:00,1,35
meta\main.js,50,js,4fa8be8e,Kyle Dang,2026-05-12,14:51:14,-07:00,2026-05-12T14:51:14-07:00,1,38
meta\main.js,51,js,4fa8be8e,Kyle Dang,2026-05-12,14:51:14,-07:00,2026-05-12T14:51:14-07:00,1,55
meta\main.js,52,js,4fa8be8e,Kyle Dang,2026-05-12,14:51:14,-07:00,2026-05-12T14:51:14-07:00,1,29
meta\main.js,53,js,4fa8be8e,Kyle Dang,2026-05-12,14:51:14,-07:00,2026-05-12T14:51:14-07:00,2,3
meta\main.js,54,js,4fa8be8e,Kyle Dang,2026-05-12,14:51:14,-07:00,2026-05-12T14:51:14-07:00,2,30
meta\main.js,55,js,4fa8be8e,Kyle Dang,2026-05-12,14:51:14,-07:00,2026-05-12T14:51:14-07:00,2,12
meta\main.js,56,js,4fa8be8e,Kyle Dang,2026-05-12,14:51:14,-07:00,2026-05-12T14:51:14-07:00,1,0
meta\main.js,57,js,4fa8be8e,Kyle Dang,2026-05-12,14:51:14,-07:00,2026-05-12T14:51:14-07:00,1,42
meta\main.js,58,js,4fa8be8e,Kyle Dang,2026-05-12,14:51:14,-07:00,2026-05-12T14:51:14-07:00,1,66
meta\main.js,59,js,4fa8be8e,Kyle Dang,2026-05-12,14:51:14,-07:00,2026-05-12T14:51:14-07:00,1,36
meta\main.js,60,js,4fa8be8e,Kyle Dang,2026-05-12,14:51:14,-07:00,2026-05-12T14:51:14-07:00,1,49
meta\main.js,61,js,e46d050d,Kyle Dang,2026-05-06,18:18:03,-07:00,2026-05-06T18:18:03-07:00,0,0
meta\main.js,62,js,e46d050d,Kyle Dang,2026-05-06,18:18:03,-07:00,2026-05-06T18:18:03-07:00,0,0
meta\main.js,63,js,7973ddb7,Kyle Dang,2026-05-06,22:54:14,-07:00,2026-05-06T22:54:14-07:00,0,37
meta\main.js,64,js,4fa8be8e,Kyle Dang,2026-05-12,14:51:14,-07:00,2026-05-12T14:51:14-07:00,1,50
meta\main.js,65,js,4fa8be8e,Kyle Dang,2026-05-12,14:51:14,-07:00,2026-05-12T14:51:14-07:00,1,50
meta\main.js,66,js,4fa8be8e,Kyle Dang,2026-05-12,14:51:14,-07:00,2026-05-12T14:51:14-07:00,1,50
meta\main.js,67,js,4fa8be8e,Kyle Dang,2026-05-12,14:51:14,-07:00,2026-05-12T14:51:14-07:00,1,54
meta\main.js,68,js,4fa8be8e,Kyle Dang,2026-05-12,14:51:14,-07:00,2026-05-12T14:51:14-07:00,1,52
meta\main.js,69,js,4fa8be8e,Kyle Dang,2026-05-12,14:51:14,-07:00,2026-05-12T14:51:14-07:00,0,0
meta\main.js,70,js,4fa8be8e,Kyle Dang,2026-05-12,14:51:14,-07:00,2026-05-12T14:51:14-07:00,1,43
meta\main.js,71,js,4fa8be8e,Kyle Dang,2026-05-12,14:51:14,-07:00,2026-05-12T14:51:14-07:00,0,0
meta\main.js,72,js,4fa8be8e,Kyle Dang,2026-05-12,14:51:14,-07:00,2026-05-12T14:51:14-07:00,1,21
meta\main.js,73,js,4fa8be8e,Kyle Dang,2026-05-12,14:51:14,-07:00,2026-05-12T14:51:14-07:00,1,27
meta\main.js,74,js,4fa8be8e,Kyle Dang,2026-05-12,14:51:14,-07:00,2026-05-12T14:51:14-07:00,1,56
meta\main.js,75,js,4fa8be8e,Kyle Dang,2026-05-12,14:51:14,-07:00,2026-05-12T14:51:14-07:00,2,16
meta\main.js,76,js,4fa8be8e,Kyle Dang,2026-05-12,14:51:14,-07:00,2026-05-12T14:51:14-07:00,1,1
meta\main.js,77,js,4fa8be8e,Kyle Dang,2026-05-12,14:51:14,-07:00,2026-05-12T14:51:14-07:00,1,56
meta\main.js,78,js,4fa8be8e,Kyle Dang,2026-05-12,14:51:14,-07:00,2026-05-12T14:51:14-07:00,2,17
meta\main.js,79,js,4fa8be8e,Kyle Dang,2026-05-12,14:51:14,-07:00,2026-05-12T14:51:14-07:00,1,1
meta\main.js,80,js,4fa8be8e,Kyle Dang,2026-05-12,14:51:14,-07:00,2026-05-12T14:51:14-07:00,1,33
meta\main.js,81,js,4fa8be8e,Kyle Dang,2026-05-12,14:51:14,-07:00,2026-05-12T14:51:14-07:00,1,36
meta\main.js,82,js,7973ddb7,Kyle Dang,2026-05-06,22:54:14,-07:00,2026-05-06T22:54:14-07:00,0,0
meta\main.js,83,js,7973ddb7,Kyle Dang,2026-05-06,22:54:14,-07:00,2026-05-06T22:54:14-07:00,0,0
meta\main.js,84,js,7973ddb7,Kyle Dang,2026-05-06,22:54:14,-07:00,2026-05-06T22:54:14-07:00,0,43
meta\main.js,85,js,4fa8be8e,Kyle Dang,2026-05-12,14:51:14,-07:00,2026-05-12T14:51:14-07:00,1,56
meta\main.js,86,js,4fa8be8e,Kyle Dang,2026-05-12,14:51:14,-07:00,2026-05-12T14:51:14-07:00,1,26
meta\main.js,87,js,7973ddb7,Kyle Dang,2026-05-06,22:54:14,-07:00,2026-05-06T22:54:14-07:00,0,0
meta\main.js,88,js,7973ddb7,Kyle Dang,2026-05-06,22:54:14,-07:00,2026-05-06T22:54:14-07:00,0,0
meta\main.js,89,js,7973ddb7,Kyle Dang,2026-05-06,22:54:14,-07:00,2026-05-06T22:54:14-07:00,0,37
meta\main.js,90,js,4fa8be8e,Kyle Dang,2026-05-12,14:51:14,-07:00,2026-05-12T14:51:14-07:00,1,56
meta\main.js,91,js,4fa8be8e,Kyle Dang,2026-05-12,14:51:14,-07:00,2026-05-12T14:51:14-07:00,1,40
meta\main.js,92,js,4fa8be8e,Kyle Dang,2026-05-12,14:51:14,-07:00,2026-05-12T14:51:14-07:00,1,39
meta\main.js,93,js,7973ddb7,Kyle Dang,2026-05-06,22:54:14,-07:00,2026-05-06T22:54:14-07:00,0,0
meta\main.js,94,js,7973ddb7,Kyle Dang,2026-05-06,22:54:14,-07:00,2026-05-06T22:54:14-07:00,0,0
meta\main.js,95,js,7973ddb7,Kyle Dang,2026-05-06,22:54:14,-07:00,2026-05-06T22:54:14-07:00,0,44
meta\main.js,96,js,4fa8be8e,Kyle Dang,2026-05-12,14:51:14,-07:00,2026-05-12T14:51:14-07:00,1,27
meta\main.js,97,js,4fa8be8e,Kyle Dang,2026-05-12,14:51:14,-07:00,2026-05-12T14:51:14-07:00,1,37
meta\main.js,98,js,4fa8be8e,Kyle Dang,2026-05-12,14:51:14,-07:00,2026-05-12T14:51:14-07:00,1,32
meta\main.js,99,js,4fa8be8e,Kyle Dang,2026-05-12,14:51:14,-07:00,2026-05-12T14:51:14-07:00,1,32
meta\main.js,100,js,4fa8be8e,Kyle Dang,2026-05-12,14:51:14,-07:00,2026-05-12T14:51:14-07:00,1,46
meta\main.js,101,js,7973ddb7,Kyle Dang,2026-05-06,22:54:14,-07:00,2026-05-06T22:54:14-07:00,0,0
meta\main.js,102,js,7973ddb7,Kyle Dang,2026-05-06,22:54:14,-07:00,2026-05-06T22:54:14-07:00,0,0
meta\main.js,103,js,7973ddb7,Kyle Dang,2026-05-06,22:54:14,-07:00,2026-05-06T22:54:14-07:00,0,23
meta\main.js,104,js,4fa8be8e,Kyle Dang,2026-05-12,14:51:14,-07:00,2026-05-12T14:51:14-07:00,1,32
meta\main.js,105,js,4fa8be8e,Kyle Dang,2026-05-12,14:51:14,-07:00,2026-05-12T14:51:14-07:00,1,47
meta\main.js,106,js,4fa8be8e,Kyle Dang,2026-05-12,14:51:14,-07:00,2026-05-12T14:51:14-07:00,2,29
meta\main.js,107,js,4fa8be8e,Kyle Dang,2026-05-12,14:51:14,-07:00,2026-05-12T14:51:14-07:00,1,0
meta\main.js,108,js,4fa8be8e,Kyle Dang,2026-05-12,14:51:14,-07:00,2026-05-12T14:51:14-07:00,1,30
meta\main.js,109,js,4fa8be8e,Kyle Dang,2026-05-12,14:51:14,-07:00,2026-05-12T14:51:14-07:00,1,33
meta\main.js,110,js,7973ddb7,Kyle Dang,2026-05-06,22:54:14,-07:00,2026-05-06T22:54:14-07:00,0,0
meta\main.js,111,js,7973ddb7,Kyle Dang,2026-05-06,22:54:14,-07:00,2026-05-06T22:54:14-07:00,0,40
meta\main.js,112,js,4fa8be8e,Kyle Dang,2026-05-12,14:51:14,-07:00,2026-05-12T14:51:14-07:00,1,31
meta\main.js,113,js,4fa8be8e,Kyle Dang,2026-05-12,14:51:14,-07:00,2026-05-12T14:51:14-07:00,2,53
meta\main.js,114,js,4fa8be8e,Kyle Dang,2026-05-12,14:51:14,-07:00,2026-05-12T14:51:14-07:00,2,3
meta\main.js,115,js,4fa8be8e,Kyle Dang,2026-05-12,14:51:14,-07:00,2026-05-12T14:51:14-07:00,1,62
meta\main.js,116,js,4fa8be8e,Kyle Dang,2026-05-12,14:51:14,-07:00,2026-05-12T14:51:14-07:00,1,78
meta\main.js,117,js,4fa8be8e,Kyle Dang,2026-05-12,14:51:14,-07:00,2026-05-12T14:51:14-07:00,1,21
meta\main.js,118,js,7973ddb7,Kyle Dang,2026-05-06,22:54:14,-07:00,2026-05-06T22:54:14-07:00,0,0
meta\main.js,119,js,7973ddb7,Kyle Dang,2026-05-06,22:54:14,-07:00,2026-05-06T22:54:14-07:00,0,0
meta\main.js,120,js,7973ddb7,Kyle Dang,2026-05-06,22:54:14,-07:00,2026-05-06T22:54:14-07:00,0,43
meta\main.js,121,js,4fa8be8e,Kyle Dang,2026-05-12,14:51:14,-07:00,2026-05-12T14:51:14-07:00,1,31
meta\main.js,122,js,4fa8be8e,Kyle Dang,2026-05-12,14:51:14,-07:00,2026-05-12T14:51:14-07:00,2,53
meta\main.js,123,js,4fa8be8e,Kyle Dang,2026-05-12,14:51:14,-07:00,2026-05-12T14:51:14-07:00,2,3
meta\main.js,124,js,4fa8be8e,Kyle Dang,2026-05-12,14:51:14,-07:00,2026-05-12T14:51:14-07:00,1,62
meta\main.js,125,js,4fa8be8e,Kyle Dang,2026-05-12,14:51:14,-07:00,2026-05-12T14:51:14-07:00,0,0
meta\main.js,126,js,4fa8be8e,Kyle Dang,2026-05-12,14:51:14,-07:00,2026-05-12T14:51:14-07:00,1,33
meta\main.js,127,js,4fa8be8e,Kyle Dang,2026-05-12,14:51:14,-07:00,2026-05-12T14:51:14-07:00,2,23
meta\main.js,128,js,4fa8be8e,Kyle Dang,2026-05-12,14:51:14,-07:00,2026-05-12T14:51:14-07:00,2,5
meta\main.js,129,js,4fa8be8e,Kyle Dang,2026-05-12,14:51:14,-07:00,2026-05-12T14:51:14-07:00,1,0
meta\main.js,130,js,4fa8be8e,Kyle Dang,2026-05-12,14:51:14,-07:00,2026-05-12T14:51:14-07:00,1,73
meta\main.js,131,js,4fa8be8e,Kyle Dang,2026-05-12,14:51:14,-07:00,2026-05-12T14:51:14-07:00,1,52
meta\main.js,132,js,4fa8be8e,Kyle Dang,2026-05-12,14:51:14,-07:00,2026-05-12T14:51:14-07:00,0,0
meta\main.js,133,js,4fa8be8e,Kyle Dang,2026-05-12,14:51:14,-07:00,2026-05-12T14:51:14-07:00,1,26
meta\main.js,134,js,4fa8be8e,Kyle Dang,2026-05-12,14:51:14,-07:00,2026-05-12T14:51:14-07:00,2,4
meta\main.js,135,js,4fa8be8e,Kyle Dang,2026-05-12,14:51:14,-07:00,2026-05-12T14:51:14-07:00,2,14
meta\main.js,136,js,4fa8be8e,Kyle Dang,2026-05-12,14:51:14,-07:00,2026-05-12T14:51:14-07:00,2,12
meta\main.js,137,js,4fa8be8e,Kyle Dang,2026-05-12,14:51:14,-07:00,2026-05-12T14:51:14-07:00,1,0
meta\main.js,138,js,4fa8be8e,Kyle Dang,2026-05-12,14:51:14,-07:00,2026-05-12T14:51:14-07:00,1,23
meta\main.js,139,js,4fa8be8e,Kyle Dang,2026-05-12,14:51:14,-07:00,2026-05-12T14:51:14-07:00,1,42
meta\main.js,140,js,4fa8be8e,Kyle Dang,2026-05-12,14:51:14,-07:00,2026-05-12T14:51:14-07:00,2,38
meta\main.js,141,js,4fa8be8e,Kyle Dang,2026-05-12,14:51:14,-07:00,2026-05-12T14:51:14-07:00,2,46
meta\main.js,142,js,4fa8be8e,Kyle Dang,2026-05-12,14:51:14,-07:00,2026-05-12T14:51:14-07:00,2,22
meta\main.js,143,js,7973ddb7,Kyle Dang,2026-05-06,22:54:14,-07:00,2026-05-06T22:54:14-07:00,4,18
meta\main.js,144,js,7973ddb7,Kyle Dang,2026-05-06,22:54:14,-07:00,2026-05-06T22:54:14-07:00,4,36
meta\main.js,145,js,7973ddb7,Kyle Dang,2026-05-06,22:54:14,-07:00,2026-05-06T22:54:14-07:00,4,0
meta\main.js,146,js,4fa8be8e,Kyle Dang,2026-05-12,14:51:14,-07:00,2026-05-12T14:51:14-07:00,1,0
meta\main.js,147,js,7973ddb7,Kyle Dang,2026-05-06,22:54:14,-07:00,2026-05-06T22:54:14-07:00,0,0
meta\main.js,148,js,7973ddb7,Kyle Dang,2026-05-06,22:54:14,-07:00,2026-05-06T22:54:14-07:00,0,0
meta\main.js,149,js,8cc7ec49,Kyle Dang,2026-05-06,18:28:26,-07:00,2026-05-06T18:28:26-07:00,0,41
meta\main.js,150,js,4fa8be8e,Kyle Dang,2026-05-12,14:51:14,-07:00,2026-05-12T14:51:14-07:00,1,17
meta\main.js,151,js,4fa8be8e,Kyle Dang,2026-05-12,14:51:14,-07:00,2026-05-12T14:51:14-07:00,1,17
meta\main.js,152,js,4fa8be8e,Kyle Dang,2026-05-12,14:51:14,-07:00,2026-05-12T14:51:14-07:00,1,58
meta\main.js,153,js,4fa8be8e,Kyle Dang,2026-05-12,14:51:14,-07:00,2026-05-12T14:51:14-07:00,1,18
meta\main.js,154,js,4fa8be8e,Kyle Dang,2026-05-12,14:51:14,-07:00,2026-05-12T14:51:14-07:00,2,14
meta\main.js,155,js,4fa8be8e,Kyle Dang,2026-05-12,14:51:14,-07:00,2026-05-12T14:51:14-07:00,2,26
meta\main.js,156,js,4fa8be8e,Kyle Dang,2026-05-12,14:51:14,-07:00,2026-05-12T14:51:14-07:00,2,29
meta\main.js,157,js,4fa8be8e,Kyle Dang,2026-05-12,14:51:14,-07:00,2026-05-12T14:51:14-07:00,2,16
meta\main.js,158,js,4fa8be8e,Kyle Dang,2026-05-12,14:51:14,-07:00,2026-05-12T14:51:14-07:00,2,40
meta\main.js,159,js,4fa8be8e,Kyle Dang,2026-05-12,14:51:14,-07:00,2026-05-12T14:51:14-07:00,2,42
meta\main.js,160,js,4fa8be8e,Kyle Dang,2026-05-12,14:51:14,-07:00,2026-05-12T14:51:14-07:00,1,0
meta\main.js,161,js,4fa8be8e,Kyle Dang,2026-05-12,14:51:14,-07:00,2026-05-12T14:51:14-07:00,1,12
meta\main.js,162,js,4fa8be8e,Kyle Dang,2026-05-12,14:51:14,-07:00,2026-05-12T14:51:14-07:00,2,15
meta\main.js,163,js,4fa8be8e,Kyle Dang,2026-05-12,14:51:14,-07:00,2026-05-12T14:51:14-07:00,2,12
meta\main.js,164,js,4fa8be8e,Kyle Dang,2026-05-12,14:51:14,-07:00,2026-05-12T14:51:14-07:00,2,40
meta\main.js,165,js,4fa8be8e,Kyle Dang,2026-05-12,14:51:14,-07:00,2026-05-12T14:51:14-07:00,2,28
meta\main.js,166,js,4fa8be8e,Kyle Dang,2026-05-12,14:51:14,-07:00,2026-05-12T14:51:14-07:00,0,0
meta\main.js,167,js,4fa8be8e,Kyle Dang,2026-05-12,14:51:14,-07:00,2026-05-12T14:51:14-07:00,1,9
meta\main.js,168,js,4fa8be8e,Kyle Dang,2026-05-12,14:51:14,-07:00,2026-05-12T14:51:14-07:00,2,10
meta\main.js,169,js,4fa8be8e,Kyle Dang,2026-05-12,14:51:14,-07:00,2026-05-12T14:51:14-07:00,2,44
meta\main.js,170,js,4fa8be8e,Kyle Dang,2026-05-12,14:51:14,-07:00,2026-05-12T14:51:14-07:00,2,41
meta\main.js,171,js,4fa8be8e,Kyle Dang,2026-05-12,14:51:14,-07:00,2026-05-12T14:51:14-07:00,2,6
meta\main.js,172,js,4fa8be8e,Kyle Dang,2026-05-12,14:51:14,-07:00,2026-05-12T14:51:14-07:00,0,0
meta\main.js,173,js,4fa8be8e,Kyle Dang,2026-05-12,14:51:14,-07:00,2026-05-12T14:51:14-07:00,1,9
meta\main.js,174,js,4fa8be8e,Kyle Dang,2026-05-12,14:51:14,-07:00,2026-05-12T14:51:14-07:00,2,12
meta\main.js,175,js,4fa8be8e,Kyle Dang,2026-05-12,14:51:14,-07:00,2026-05-12T14:51:14-07:00,2,14
meta\main.js,176,js,4fa8be8e,Kyle Dang,2026-05-12,14:51:14,-07:00,2026-05-12T14:51:14-07:00,2,42
meta\main.js,177,js,4fa8be8e,Kyle Dang,2026-05-12,14:51:14,-07:00,2026-05-12T14:51:14-07:00,1,19
meta\main.js,178,js,4fa8be8e,Kyle Dang,2026-05-12,14:51:14,-07:00,2026-05-12T14:51:14-07:00,2,10
meta\main.js,179,js,4fa8be8e,Kyle Dang,2026-05-12,14:51:14,-07:00,2026-05-12T14:51:14-07:00,2,25
meta\main.js,180,js,4fa8be8e,Kyle Dang,2026-05-12,14:51:14,-07:00,2026-05-12T14:51:14-07:00,2,53
meta\main.js,181,js,4fa8be8e,Kyle Dang,2026-05-12,14:51:14,-07:00,2026-05-12T14:51:14-07:00,1,13
meta\main.js,182,js,4fa8be8e,Kyle Dang,2026-05-12,14:51:14,-07:00,2026-05-12T14:51:14-07:00,2,61
meta\main.js,183,js,4fa8be8e,Kyle Dang,2026-05-12,14:51:14,-07:00,2026-05-12T14:51:14-07:00,1,0
meta\main.js,184,js,4fa8be8e,Kyle Dang,2026-05-12,14:51:14,-07:00,2026-05-12T14:51:14-07:00,0,0
meta\main.js,185,js,4fa8be8e,Kyle Dang,2026-05-12,14:51:14,-07:00,2026-05-12T14:51:14-07:00,1,34
meta\main.js,186,js,4fa8be8e,Kyle Dang,2026-05-12,14:51:14,-07:00,2026-05-12T14:51:14-07:00,1,14
meta\main.js,187,js,4fa8be8e,Kyle Dang,2026-05-12,14:51:14,-07:00,2026-05-12T14:51:14-07:00,2,15
meta\main.js,188,js,4fa8be8e,Kyle Dang,2026-05-12,14:51:14,-07:00,2026-05-12T14:51:14-07:00,2,58
meta\main.js,189,js,4fa8be8e,Kyle Dang,2026-05-12,14:51:14,-07:00,2026-05-12T14:51:14-07:00,1,1
meta\main.js,190,js,4fa8be8e,Kyle Dang,2026-05-12,14:51:14,-07:00,2026-05-12T14:51:14-07:00,2,10
meta\main.js,191,js,4fa8be8e,Kyle Dang,2026-05-12,14:51:14,-07:00,2026-05-12T14:51:14-07:00,2,54
meta\main.js,192,js,4fa8be8e,Kyle Dang,2026-05-12,14:51:14,-07:00,2026-05-12T14:51:14-07:00,2,11
meta\main.js,193,js,4fa8be8e,Kyle Dang,2026-05-12,14:51:14,-07:00,2026-05-12T14:51:14-07:00,1,1
meta\main.js,194,js,4fa8be8e,Kyle Dang,2026-05-12,14:51:14,-07:00,2026-05-12T14:51:14-07:00,2,10
meta\main.js,195,js,4fa8be8e,Kyle Dang,2026-05-12,14:51:14,-07:00,2026-05-12T14:51:14-07:00,2,52
meta\main.js,196,js,4fa8be8e,Kyle Dang,2026-05-12,14:51:14,-07:00,2026-05-12T14:51:14-07:00,2,11
meta\main.js,197,js,4fa8be8e,Kyle Dang,2026-05-12,14:51:14,-07:00,2026-05-12T14:51:14-07:00,1,49
meta\main.js,198,js,4fa8be8e,Kyle Dang,2026-05-12,14:51:14,-07:00,2026-05-12T14:51:14-07:00,1,67
meta\main.js,199,js,4fa8be8e,Kyle Dang,2026-05-12,14:51:14,-07:00,2026-05-12T14:51:14-07:00,1,72
meta\main.js,200,js,4fa8be8e,Kyle Dang,2026-05-12,14:51:14,-07:00,2026-05-12T14:51:14-07:00,1,59
meta\main.js,201,js,4fa8be8e,Kyle Dang,2026-05-12,14:51:14,-07:00,2026-05-12T14:51:14-07:00,1,2
meta\main.js,202,js,4fa8be8e,Kyle Dang,2026-05-12,14:51:14,-07:00,2026-05-12T14:51:14-07:00,2,18
meta\main.js,203,js,4fa8be8e,Kyle Dang,2026-05-12,14:51:14,-07:00,2026-05-12T14:51:14-07:00,2,18
meta\main.js,204,js,4fa8be8e,Kyle Dang,2026-05-12,14:51:14,-07:00,2026-05-12T14:51:14-07:00,2,13
meta\main.js,205,js,4fa8be8e,Kyle Dang,2026-05-12,14:51:14,-07:00,2026-05-12T14:51:14-07:00,2,36
meta\main.js,206,js,4fa8be8e,Kyle Dang,2026-05-12,14:51:14,-07:00,2026-05-12T14:51:14-07:00,2,36
meta\main.js,207,js,4fa8be8e,Kyle Dang,2026-05-12,14:51:14,-07:00,2026-05-12T14:51:14-07:00,2,37
meta\main.js,208,js,4fa8be8e,Kyle Dang,2026-05-12,14:51:14,-07:00,2026-05-12T14:51:14-07:00,2,24
meta\main.js,209,js,4fa8be8e,Kyle Dang,2026-05-12,14:51:14,-07:00,2026-05-12T14:51:14-07:00,2,25
meta\main.js,210,js,4fa8be8e,Kyle Dang,2026-05-12,14:51:14,-07:00,2026-05-12T14:51:14-07:00,2,36
meta\main.js,211,js,4fa8be8e,Kyle Dang,2026-05-12,14:51:14,-07:00,2026-05-12T14:51:14-07:00,3,54
meta\main.js,212,js,4fa8be8e,Kyle Dang,2026-05-12,14:51:14,-07:00,2026-05-12T14:51:14-07:00,3,27
meta\main.js,213,js,4fa8be8e,Kyle Dang,2026-05-12,14:51:14,-07:00,2026-05-12T14:51:14-07:00,3,28
meta\main.js,214,js,4fa8be8e,Kyle Dang,2026-05-12,14:51:14,-07:00,2026-05-12T14:51:14-07:00,3,27
meta\main.js,215,js,4fa8be8e,Kyle Dang,2026-05-12,14:51:14,-07:00,2026-05-12T14:51:14-07:00,2,0
meta\main.js,216,js,4fa8be8e,Kyle Dang,2026-05-12,14:51:14,-07:00,2026-05-12T14:51:14-07:00,2,28
meta\main.js,217,js,4fa8be8e,Kyle Dang,2026-05-12,14:51:14,-07:00,2026-05-12T14:51:14-07:00,3,56
meta\main.js,218,js,4fa8be8e,Kyle Dang,2026-05-12,14:51:14,-07:00,2026-05-12T14:51:14-07:00,3,29
meta\main.js,219,js,4fa8be8e,Kyle Dang,2026-05-12,14:51:14,-07:00,2026-05-12T14:51:14-07:00,2,1
meta\main.js,220,js,4fa8be8e,Kyle Dang,2026-05-12,14:51:14,-07:00,2026-05-12T14:51:14-07:00,1,50
meta\main.js,221,js,4fa8be8e,Kyle Dang,2026-05-12,14:51:14,-07:00,2026-05-12T14:51:14-07:00,1,43
meta\main.js,222,js,fa19fcc6,Kyle Dang,2026-05-06,18:57:24,-07:00,2026-05-06T18:57:24-07:00,0,0
meta\main.js,223,js,fa19fcc6,Kyle Dang,2026-05-06,18:57:24,-07:00,2026-05-06T18:57:24-07:00,0,0
meta\main.js,224,js,002028a6,Kyle Dang,2026-05-06,09:28:57,-07:00,2026-05-06T09:28:57-07:00,0,26
meta\main.js,225,js,002028a6,Kyle Dang,2026-05-06,09:28:57,-07:00,2026-05-06T09:28:57-07:00,0,33
meta\main.js,226,js,8cc7ec49,Kyle Dang,2026-05-06,18:28:26,-07:00,2026-05-06T18:28:26-07:00,0,30
meta\main.js,227,js,7973ddb7,Kyle Dang,2026-05-06,22:54:14,-07:00,2026-05-06T22:54:14-07:00,0,31
meta\index.html,1,html,d752e9c5,Kyle Dang,2026-05-06,09:01:03,-07:00,2026-05-06T09:01:03-07:00,0,13
meta\index.html,2,html,d752e9c5,Kyle Dang,2026-05-06,09:01:03,-07:00,2026-05-06T09:01:03-07:00,0,14
meta\index.html,3,html,d752e9c5,Kyle Dang,2026-05-06,09:01:03,-07:00,2026-05-06T09:01:03-07:00,0,4
meta\index.html,4,html,d752e9c5,Kyle Dang,2026-05-06,09:01:03,-07:00,2026-05-06T09:01:03-07:00,2,20
meta\index.html,5,html,d752e9c5,Kyle Dang,2026-05-06,09:01:03,-07:00,2026-05-06T09:01:03-07:00,2,68
meta\index.html,6,html,d752e9c5,Kyle Dang,2026-05-06,09:01:03,-07:00,2026-05-06T09:01:03-07:00,2,27
meta\index.html,7,html,8cc7ec49,Kyle Dang,2026-05-06,18:28:26,-07:00,2026-05-06T18:28:26-07:00,2,41
meta\index.html,8,html,f980756b,Kyle Dang,2026-05-07,00:00:53,-07:00,2026-05-07T00:00:53-07:00,2,48
meta\index.html,9,html,fc92687b,Kyle Dang,2026-05-06,09:10:19,-07:00,2026-05-06T09:10:19-07:00,2,45
meta\index.html,10,html,d752e9c5,Kyle Dang,2026-05-06,09:01:03,-07:00,2026-05-06T09:01:03-07:00,0,5
meta\index.html,11,html,d752e9c5,Kyle Dang,2026-05-06,09:01:03,-07:00,2026-05-06T09:01:03-07:00,0,4
meta\index.html,12,html,d752e9c5,Kyle Dang,2026-05-06,09:01:03,-07:00,2026-05-06T09:01:03-07:00,2,11
meta\index.html,13,html,d752e9c5,Kyle Dang,2026-05-06,09:01:03,-07:00,2026-05-06T09:01:03-07:00,2,60
meta\index.html,14,html,fc92687b,Kyle Dang,2026-05-06,09:10:19,-07:00,2026-05-06T09:10:19-07:00,2,20
meta\index.html,15,html,8cc7ec49,Kyle Dang,2026-05-06,18:28:26,-07:00,2026-05-06T18:28:26-07:00,2,29
meta\index.html,16,html,8cc7ec49,Kyle Dang,2026-05-06,18:28:26,-07:00,2026-05-06T18:28:26-07:00,2,20
meta\index.html,17,html,7973ddb7,Kyle Dang,2026-05-06,22:54:14,-07:00,2026-05-06T22:54:14-07:00,2,45
meta\index.html,18,html,fa19fcc6,Kyle Dang,2026-05-06,18:57:24,-07:00,2026-05-06T18:57:24-07:00,2,50
meta\index.html,19,html,fa19fcc6,Kyle Dang,2026-05-06,18:57:24,-07:00,2026-05-06T18:57:24-07:00,4,13
meta\index.html,20,html,fa19fcc6,Kyle Dang,2026-05-06,18:57:24,-07:00,2026-05-06T18:57:24-07:00,4,55
meta\index.html,21,html,fa19fcc6,Kyle Dang,2026-05-06,18:57:24,-07:00,2026-05-06T18:57:24-07:00,0,0
meta\index.html,22,html,fa19fcc6,Kyle Dang,2026-05-06,18:57:24,-07:00,2026-05-06T18:57:24-07:00,4,11
meta\index.html,23,html,fa19fcc6,Kyle Dang,2026-05-06,18:57:24,-07:00,2026-05-06T18:57:24-07:00,4,24
meta\index.html,24,html,fa19fcc6,Kyle Dang,2026-05-06,18:57:24,-07:00,2026-05-06T18:57:24-07:00,0,0
meta\index.html,25,html,fa19fcc6,Kyle Dang,2026-05-06,18:57:24,-07:00,2026-05-06T18:57:24-07:00,4,11
meta\index.html,26,html,fa19fcc6,Kyle Dang,2026-05-06,18:57:24,-07:00,2026-05-06T18:57:24-07:00,4,24
meta\index.html,27,html,fa19fcc6,Kyle Dang,2026-05-06,18:57:24,-07:00,2026-05-06T18:57:24-07:00,0,0
meta\index.html,28,html,fa19fcc6,Kyle Dang,2026-05-06,18:57:24,-07:00,2026-05-06T18:57:24-07:00,4,13
meta\index.html,29,html,fa19fcc6,Kyle Dang,2026-05-06,18:57:24,-07:00,2026-05-06T18:57:24-07:00,4,26
meta\index.html,30,html,fa19fcc6,Kyle Dang,2026-05-06,18:57:24,-07:00,2026-05-06T18:57:24-07:00,0,0
meta\index.html,31,html,fa19fcc6,Kyle Dang,2026-05-06,18:57:24,-07:00,2026-05-06T18:57:24-07:00,4,19
meta\index.html,32,html,fa19fcc6,Kyle Dang,2026-05-06,18:57:24,-07:00,2026-05-06T18:57:24-07:00,4,25
meta\index.html,33,html,fa19fcc6,Kyle Dang,2026-05-06,18:57:24,-07:00,2026-05-06T18:57:24-07:00,2,3
meta\index.html,34,html,7973ddb7,Kyle Dang,2026-05-06,22:54:14,-07:00,2026-05-06T22:54:14-07:00,2,45
meta\index.html,35,html,d752e9c5,Kyle Dang,2026-05-06,09:01:03,-07:00,2026-05-06T09:01:03-07:00,0,5
meta\index.html,36,html,d752e9c5,Kyle Dang,2026-05-06,09:01:03,-07:00,2026-05-06T09:01:03-07:00,0,5
contact\index.html,1,html,3832b5c4,Kyle Dang,2026-03-30,11:14:05,-07:00,2026-03-30T11:14:05-07:00,0,13
contact\index.html,2,html,3832b5c4,Kyle Dang,2026-03-30,11:14:05,-07:00,2026-03-30T11:14:05-07:00,0,14
contact\index.html,3,html,3832b5c4,Kyle Dang,2026-03-30,11:14:05,-07:00,2026-03-30T11:14:05-07:00,0,4
contact\index.html,4,html,3832b5c4,Kyle Dang,2026-03-30,11:14:05,-07:00,2026-03-30T11:14:05-07:00,2,20
contact\index.html,5,html,3832b5c4,Kyle Dang,2026-03-30,11:14:05,-07:00,2026-03-30T11:14:05-07:00,2,68
contact\index.html,6,html,3832b5c4,Kyle Dang,2026-03-30,11:14:05,-07:00,2026-03-30T11:14:05-07:00,2,35
contact\index.html,7,html,6be8984c,Kyle Dang,2026-04-22,18:14:25,-07:00,2026-04-22T18:14:25-07:00,2,41
contact\index.html,8,html,6be8984c,Kyle Dang,2026-04-22,18:14:25,-07:00,2026-04-22T18:14:25-07:00,2,48
contact\index.html,9,html,3832b5c4,Kyle Dang,2026-03-30,11:14:05,-07:00,2026-03-30T11:14:05-07:00,0,5
contact\index.html,10,html,3832b5c4,Kyle Dang,2026-03-30,11:14:05,-07:00,2026-03-30T11:14:05-07:00,0,4
contact\index.html,11,html,fb5e5d42,Kyle Dang,2026-04-06,21:03:54,-07:00,2026-04-06T21:03:54-07:00,2,19
contact\index.html,12,html,65c06aff,Kyle Dang,2026-04-15,17:21:17,-07:00,2026-04-15T17:21:17-07:00,2,55
contact\index.html,13,html,7787be39,Kyle Dang,2026-03-30,17:19:25,-07:00,2026-03-30T17:19:25-07:00,4,43
contact\index.html,14,html,7787be39,Kyle Dang,2026-03-30,17:19:25,-07:00,2026-03-30T17:19:25-07:00,4,51
contact\index.html,15,html,269de1ff,Kyle Dang,2026-03-30,17:15:10,-07:00,2026-03-30T17:15:10-07:00,4,21
contact\index.html,16,html,eaea8f9d,Kyle Dang,2026-03-30,17:11:53,-07:00,2026-03-30T17:11:53-07:00,2,5
contact\index.html,17,html,3832b5c4,Kyle Dang,2026-03-30,11:14:05,-07:00,2026-03-30T11:14:05-07:00,0,5
contact\index.html,18,html,3832b5c4,Kyle Dang,2026-03-30,11:14:05,-07:00,2026-03-30T11:14:05-07:00,0,5
